nonce,entropy,uniqueness,zero_density,pattern_score,is_valid
3535700482,0,0,0,0,0
3535700226,0,0,0,0,0
3535699970,0,0,0,0,0
3535666946,0,0,0,0,0
3535666690,0,0,0,0,0
3535666434,0,0,0,0,0
3535666178,0,0,0,0,0
3535665922,0,0,0,0,0
3535665666,0,0,0,0,0
3535665410,0,0,0,0,0
3535665154,0,0,0,0,0
3535664898,0,0,0,0,0
3535664642,0,0,0,0,0
3535664386,0,0,0,0,0
3535664130,0,0,0,0,0
3535663874,0,0,0,0,0
3535663618,0,0,0,0,0
3535663362,0,0,0,0,0
3535663106,0,0,0,0,0
3535662850,0,0,0,0,0
3535662594,0,0,0,0,0
3535662338,0,0,0,0,0
3535662082,0,0,0,0,0
3535661826,0,0,0,0,0
3535661570,0,0,0,0,0
3535661314,0,0,0,0,0
3535661058,0,0,0,0,0
3535660802,0,0,0,0,0
3535660546,0,0,0,0,0
3535660290,0,0,0,0,0
3535660034,0,0,0,0,0
3535659778,0,0,0,0,0
3535659522,0,0,0,0,0
3535659266,0,0,0,0,0
3535659010,0,0,0,0,0
3535658754,0,0,0,0,0
3535658498,0,0,0,0,0
3535658242,0,0,0,0,0
3535657986,0,0,0,0,0
3535657730,0,0,0,0,0
3535657474,0,0,0,0,0
3535657218,0,0,0,0,0
3535656962,0,0,0,0,0
3535656706,0,0,0,0,0
3535656450,0,0,0,0,0
3535656194,0,0,0,0,0
3535655938,0,0,0,0,0
3535655682,0,0,0,0,0
3535655426,0,0,0,0,0
3535655170,0,0,0,0,0
3535654914,0,0,0,0,0
3535654658,0,0,0,0,0
3535654402,0,0,0,0,0
3535654146,0,0,0,0,0
3535653890,0,0,0,0,0
3535653634,0,0,0,0,0
3535653378,0,0,0,0,0
3535653122,0,0,0,0,0
3535652866,0,0,0,0,0
3535652610,0,0,0,0,0
3535652354,0,0,0,0,0
3535652098,0,0,0,0,0
3535651842,0,0,0,0,0
3535651586,0,0,0,0,0
3535651330,0,0,0,0,0
3535651074,0,0,0,0,0
3535650818,0,0,0,0,0
3535650562,0,0,0,0,0
3535650306,0,0,0,0,0
3535650050,0,0,0,0,0
3535649794,0,0,0,0,0
3535649538,0,0,0,0,0
3535649282,0,0,0,0,0
3535649026,0,0,0,0,0
3535648770,0,0,0,0,0
3535648514,0,0,0,0,0
3535648258,0,0,0,0,0
3535648002,0,0,0,0,0
3535647746,0,0,0,0,0
3535647490,0,0,0,0,0
3535647234,0,0,0,0,0
3535646978,0,0,0,0,0
3535646722,0,0,0,0,0
3535646466,0,0,0,0,0
3535646210,0,0,0,0,0
3535645954,0,0,0,0,0
3535645698,0,0,0,0,0
3535645442,0,0,0,0,0
3535645186,0,0,0,0,0
3535644930,0,0,0,0,0
3535644674,0,0,0,0,0
3535644418,0,0,0,0,0
3535644162,0,0,0,0,0
3535643906,0,0,0,0,0
3535643650,0,0,0,0,0
3535643394,0,0,0,0,0
3535643138,0,0,0,0,0
3535642882,0,0,0,0,0
3535642626,0,0,0,0,0
3535642370,0,0,0,0,0
3535642114,0,0,0,0,0
3535641858,0,0,0,0,0
3535641602,0,0,0,0,0
3535641346,0,0,0,0,0
3535641090,0,0,0,0,0
3535640834,0,0,0,0,0
3535640578,0,0,0,0,0
3535640322,0,0,0,0,0
3535640066,0,0,0,0,0
3535639810,0,0,0,0,0
3535639554,0,0,0,0,0
3535639298,0,0,0,0,0
3535639042,0,0,0,0,0
3535638786,0,0,0,0,0
3535638530,0,0,0,0,0
3535638274,0,0,0,0,0
3535638018,0,0,0,0,0
3535637762,0,0,0,0,0
3535637506,0,0,0,0,0
3535637250,0,0,0,0,0
3535636994,0,0,0,0,0
3535636738,0,0,0,0,0
3535636482,0,0,0,0,0
3535636226,0,0,0,0,0
3535635970,0,0,0,0,0
3535635714,0,0,0,0,0
3535635458,0,0,0,0,0
3535635202,0,0,0,0,0
3535634946,0,0,0,0,0
3535634690,0,0,0,0,0
3535634434,0,0,0,0,0
3535601410,0,0,0,0,0
3535601154,0,0,0,0,0
3535600898,0,0,0,0,0
3535600642,0,0,0,0,0
3535600386,0,0,0,0,0
3535600130,0,0,0,0,0
3535599874,0,0,0,0,0
3535599618,0,0,0,0,0
3535599362,0,0,0,0,0
3535599106,0,0,0,0,0
3535598850,0,0,0,0,0
3535598594,0,0,0,0,0
3535598338,0,0,0,0,0
3535598082,0,0,0,0,0
3535597826,0,0,0,0,0
3535597570,0,0,0,0,0
3535597314,0,0,0,0,0
3535597058,0,0,0,0,0
3535596802,0,0,0,0,0
3535596546,0,0,0,0,0
3535596290,0,0,0,0,0
3535596034,0,0,0,0,0
3535595778,0,0,0,0,0
3535595522,0,0,0,0,0
3535595266,0,0,0,0,0
3535595010,0,0,0,0,0
3535594754,0,0,0,0,0
3535594498,0,0,0,0,0
3535594242,0,0,0,0,0
3535593986,0,0,0,0,0
3535593730,0,0,0,0,0
3535593474,0,0,0,0,0
3535593218,0,0,0,0,0
3535592962,0,0,0,0,0
3535592706,0,0,0,0,0
3535592450,0,0,0,0,0
3535592194,0,0,0,0,0
3535591938,0,0,0,0,0
3535591682,0,0,0,0,0
3535591426,0,0,0,0,0
3535591170,0,0,0,0,0
3535590914,0,0,0,0,0
3535590658,0,0,0,0,0
3535590402,0,0,0,0,0
3535590146,0,0,0,0,0
3535589890,0,0,0,0,0
3535589634,0,0,0,0,0
3535589378,0,0,0,0,0
3535589122,0,0,0,0,0
3535588866,0,0,0,0,0
3535588610,0,0,0,0,0
3535588354,0,0,0,0,0
3535588098,0,0,0,0,0
3535587842,0,0,0,0,0
3535587586,0,0,0,0,0
3535587330,0,0,0,0,0
3535587074,0,0,0,0,0
3535586818,0,0,0,0,0
3535586562,0,0,0,0,0
3535586306,0,0,0,0,0
3535586050,0,0,0,0,0
3535585794,0,0,0,0,0
3535585538,0,0,0,0,0
3535585282,0,0,0,0,0
3535585026,0,0,0,0,0
3535584770,0,0,0,0,0
3535584514,0,0,0,0,0
3535584258,0,0,0,0,0
3535584002,0,0,0,0,0
3535583746,0,0,0,0,0
3535583490,0,0,0,0,0
3535583234,0,0,0,0,0
3535582978,0,0,0,0,0
3535582722,0,0,0,0,0
3535582466,0,0,0,0,0
3535582210,0,0,0,0,0
3535581954,0,0,0,0,0
3535581698,0,0,0,0,0
3535581442,0,0,0,0,0
3535581186,0,0,0,0,0
3535580930,0,0,0,0,0
3535580674,0,0,0,0,0
3535580418,0,0,0,0,0
3535580162,0,0,0,0,0
3535579906,0,0,0,0,0
3535579650,0,0,0,0,0
3535579394,0,0,0,0,0
3535579138,0,0,0,0,0
3535578882,0,0,0,0,0
3535578626,0,0,0,0,0
3535578370,0,0,0,0,0
3535578114,0,0,0,0,0
3535577858,0,0,0,0,0
3535577602,0,0,0,0,0
3535577346,0,0,0,0,0
3535577090,0,0,0,0,0
3535576834,0,0,0,0,0
3535576578,0,0,0,0,0
3535576322,0,0,0,0,0
3535576066,0,0,0,0,0
3535575810,0,0,0,0,0
3535575554,0,0,0,0,0
3535575298,0,0,0,0,0
3535575042,0,0,0,0,0
3535574786,0,0,0,0,0
3535574530,0,0,0,0,0
3535574274,0,0,0,0,0
3535574018,0,0,0,0,0
3535573762,0,0,0,0,0
3535573506,0,0,0,0,0
3535573250,0,0,0,0,0
3535572994,0,0,0,0,0
3535572738,0,0,0,0,0
3535572482,0,0,0,0,0
3535572226,0,0,0,0,0
3535571970,0,0,0,0,0
3535571714,0,0,0,0,0
3535571458,0,0,0,0,0
3535571202,0,0,0,0,0
3535570946,0,0,0,0,0
3535570690,0,0,0,0,0
3535570434,0,0,0,0,0
3535570178,0,0,0,0,0
3535569922,0,0,0,0,0
3535569666,0,0,0,0,0
3535569410,0,0,0,0,0
3535569154,0,0,0,0,0
3535568898,0,0,0,0,0
3535535874,0,0,0,0,0
3535535618,0,0,0,0,0
3535535362,0,0,0,0,0
3535535106,0,0,0,0,0
3535534850,0,0,0,0,0
3535534594,0,0,0,0,0
3535534338,0,0,0,0,0
3535534082,0,0,0,0,0
3535533826,0,0,0,0,0
3535533570,0,0,0,0,0
3535533314,0,0,0,0,0
3535533058,0,0,0,0,0
3535532802,0,0,0,0,0
3535532546,0,0,0,0,0
3535532290,0,0,0,0,0
3535532034,0,0,0,0,0
3535531778,0,0,0,0,0
3535531522,0,0,0,0,0
3535531266,0,0,0,0,0
3535531010,0,0,0,0,0
3535530754,0,0,0,0,0
3535530498,0,0,0,0,0
3535530242,0,0,0,0,0
3535529986,0,0,0,0,0
3535529730,0,0,0,0,0
3535529474,0,0,0,0,0
3535529218,0,0,0,0,0
3535528962,0,0,0,0,0
3535528706,0,0,0,0,0
3535528450,0,0,0,0,0
3535528194,0,0,0,0,0
3535527938,0,0,0,0,0
3535527682,0,0,0,0,0
3535527426,0,0,0,0,0
3535527170,0,0,0,0,0
3535526914,0,0,0,0,0
3535526658,0,0,0,0,0
3535526402,0,0,0,0,0
3535526146,0,0,0,0,0
3535525890,0,0,0,0,0
3535525634,0,0,0,0,0
3535525378,0,0,0,0,0
3535525122,0,0,0,0,0
3535524866,0,0,0,0,0
3535524610,0,0,0,0,0
3535524354,0,0,0,0,0
3535524098,0,0,0,0,0
3535523842,0,0,0,0,0
3535523586,0,0,0,0,0
3535523330,0,0,0,0,0
3535523074,0,0,0,0,0
3535522818,0,0,0,0,0
3535522562,0,0,0,0,0
3535522306,0,0,0,0,0
3535522050,0,0,0,0,0
3535521794,0,0,0,0,0
3535521538,0,0,0,0,0
3535521282,0,0,0,0,0
3535521026,0,0,0,0,0
3535520770,0,0,0,0,0
3535520514,0,0,0,0,0
3535520258,0,0,0,0,0
3535520002,0,0,0,0,0
3535519746,0,0,0,0,0
3535519490,0,0,0,0,0
3535519234,0,0,0,0,0
3535518978,0,0,0,0,0
3535518722,0,0,0,0,0
3535518466,0,0,0,0,0
3535518210,0,0,0,0,0
3535517954,0,0,0,0,0
3535517698,0,0,0,0,0
3535517442,0,0,0,0,0
3535517186,0,0,0,0,0
3535516930,0,0,0,0,0
3535516674,0,0,0,0,0
3535516418,0,0,0,0,0
3535516162,0,0,0,0,0
3535515906,0,0,0,0,0
3535515650,0,0,0,0,0
3535515394,0,0,0,0,0
3535515138,0,0,0,0,0
3535514882,0,0,0,0,0
3535514626,0,0,0,0,0
3535514370,0,0,0,0,0
3535514114,0,0,0,0,0
3535513858,0,0,0,0,0
3535513602,0,0,0,0,0
3535513346,0,0,0,0,0
3535513090,0,0,0,0,0
3535512834,0,0,0,0,0
3535512578,0,0,0,0,0
3535512322,0,0,0,0,0
3535512066,0,0,0,0,0
3535511810,0,0,0,0,0
3535511554,0,0,0,0,0
3535511298,0,0,0,0,0
3535511042,0,0,0,0,0
3535510786,0,0,0,0,0
3535510530,0,0,0,0,0
3535510274,0,0,0,0,0
3535510018,0,0,0,0,0
3535509762,0,0,0,0,0
3535509506,0,0,0,0,0
3535509250,0,0,0,0,0
3535508994,0,0,0,0,0
3535508738,0,0,0,0,0
3535508482,0,0,0,0,0
3535508226,0,0,0,0,0
3535507970,0,0,0,0,0
3535507714,0,0,0,0,0
3535507458,0,0,0,0,0
3535507202,0,0,0,0,0
3535506946,0,0,0,0,0
3535506690,0,0,0,0,0
3535506434,0,0,0,0,0
3535506178,0,0,0,0,0
3535505922,0,0,0,0,0
3535505666,0,0,0,0,0
3535505410,0,0,0,0,0
3535505154,0,0,0,0,0
3535504898,0,0,0,0,0
3535504642,0,0,0,0,0
3535504386,0,0,0,0,0
3535504130,0,0,0,0,0
3535503874,0,0,0,0,0
3535503618,0,0,0,0,0
3535503362,0,0,0,0,0
3535470338,0,0,0,0,0
3535470082,0,0,0,0,0
3535469826,0,0,0,0,0
3535469570,0,0,0,0,0
3535469314,0,0,0,0,0
3535469058,0,0,0,0,0
3535468802,0,0,0,0,0
3535468546,0,0,0,0,0
3535468290,0,0,0,0,0
3535468034,0,0,0,0,0
3535467778,0,0,0,0,0
3535467522,0,0,0,0,0
3535467266,0,0,0,0,0
3535467010,0,0,0,0,0
3535466754,0,0,0,0,0
3535466498,0,0,0,0,0
3535466242,0,0,0,0,0
3535465986,0,0,0,0,0
3535465730,0,0,0,0,0
3535465474,0,0,0,0,0
3535465218,0,0,0,0,0
3535464962,0,0,0,0,0
3535464706,0,0,0,0,0
3535464450,0,0,0,0,0
3535464194,0,0,0,0,0
3535463938,0,0,0,0,0
3535463682,0,0,0,0,0
3535463426,0,0,0,0,0
3535463170,0,0,0,0,0
3535462914,0,0,0,0,0
3535462658,0,0,0,0,0
3535462402,0,0,0,0,0
3535462146,0,0,0,0,0
3535461890,0,0,0,0,0
3535461634,0,0,0,0,0
3535461378,0,0,0,0,0
3535461122,0,0,0,0,0
3535460866,0,0,0,0,0
3535460610,0,0,0,0,0
3535460354,0,0,0,0,0
3535460098,0,0,0,0,0
3535459842,0,0,0,0,0
3535459586,0,0,0,0,0
3535459330,0,0,0,0,0
3535459074,0,0,0,0,0
3535458818,0,0,0,0,0
3535458562,0,0,0,0,0
3535458306,0,0,0,0,0
3535458050,0,0,0,0,0
3535457794,0,0,0,0,0
3535457538,0,0,0,0,0
3535457282,0,0,0,0,0
3535457026,0,0,0,0,0
3535456770,0,0,0,0,0
3535456514,0,0,0,0,0
3535456258,0,0,0,0,0
3535456002,0,0,0,0,0
3535455746,0,0,0,0,0
3535455490,0,0,0,0,0
3535455234,0,0,0,0,0
3535454978,0,0,0,0,0
3535454722,0,0,0,0,0
3535454466,0,0,0,0,0
3535454210,0,0,0,0,0
3535453954,0,0,0,0,0
3535453698,0,0,0,0,0
3535453442,0,0,0,0,0
3535453186,0,0,0,0,0
3535452930,0,0,0,0,0
3535452674,0,0,0,0,0
3535452418,0,0,0,0,0
3535452162,0,0,0,0,0
3535451906,0,0,0,0,0
3535451650,0,0,0,0,0
3535451394,0,0,0,0,0
3535451138,0,0,0,0,0
3535450882,0,0,0,0,0
3535450626,0,0,0,0,0
3535450370,0,0,0,0,0
3535450114,0,0,0,0,0
3535449858,0,0,0,0,0
3535449602,0,0,0,0,0
3535449346,0,0,0,0,0
3535449090,0,0,0,0,0
3535448834,0,0,0,0,0
3535448578,0,0,0,0,0
3535448322,0,0,0,0,0
3535448066,0,0,0,0,0
3535447810,0,0,0,0,0
3535447554,0,0,0,0,0
3535447298,0,0,0,0,0
3535447042,0,0,0,0,0
3535446786,0,0,0,0,0
3535446530,0,0,0,0,0
3535446274,0,0,0,0,0
3535446018,0,0,0,0,0
3535445762,0,0,0,0,0
3535445506,0,0,0,0,0
3535445250,0,0,0,0,0
3535444994,0,0,0,0,0
3535444738,0,0,0,0,0
3535444482,0,0,0,0,0
3535444226,0,0,0,0,0
3535443970,0,0,0,0,0
3535443714,0,0,0,0,0
3535443458,0,0,0,0,0
3535443202,0,0,0,0,0
3535442946,0,0,0,0,0
3535442690,0,0,0,0,0
3535442434,0,0,0,0,0
3535442178,0,0,0,0,0
3535441922,0,0,0,0,0
3535441666,0,0,0,0,0
3535441410,0,0,0,0,0
3535441154,0,0,0,0,0
3535440898,0,0,0,0,0
3535440642,0,0,0,0,0
3535440386,0,0,0,0,0
3535440130,0,0,0,0,0
3535439874,0,0,0,0,0
3535439618,0,0,0,0,0
3535439362,0,0,0,0,0
3535439106,0,0,0,0,0
3535438850,0,0,0,0,0
3535438594,0,0,0,0,0
3535438338,0,0,0,0,0
3535438082,0,0,0,0,0
3535437826,0,0,0,0,0
3535404802,0,0,0,0,0
3535404546,0,0,0,0,0
3535404290,0,0,0,0,0
3535404034,0,0,0,0,0
3535403778,0,0,0,0,0
3535403522,0,0,0,0,0
3535403266,0,0,0,0,0
3535403010,0,0,0,0,0
3535402754,0,0,0,0,0
3535402498,0,0,0,0,0
3535402242,0,0,0,0,0
3535401986,0,0,0,0,0
3535401730,0,0,0,0,0
3535401474,0,0,0,0,0
3535401218,0,0,0,0,0
3535400962,0,0,0,0,0
3535400706,0,0,0,0,0
3535400450,0,0,0,0,0
3535400194,0,0,0,0,0
3535399938,0,0,0,0,0
3535399682,0,0,0,0,0
3535399426,0,0,0,0,0
3535399170,0,0,0,0,0
3535398914,0,0,0,0,0
3535398658,0,0,0,0,0
3535398402,0,0,0,0,0
3535398146,0,0,0,0,0
3535397890,0,0,0,0,0
3535397634,0,0,0,0,0
3535397378,0,0,0,0,0
3535397122,0,0,0,0,0
3535396866,0,0,0,0,0
3535396610,0,0,0,0,0
3535396354,0,0,0,0,0
3535396098,0,0,0,0,0
3535395842,0,0,0,0,0
3535395586,0,0,0,0,0
3535395330,0,0,0,0,0
3535395074,0,0,0,0,0
3535394818,0,0,0,0,0
3535394562,0,0,0,0,0
3535394306,0,0,0,0,0
3535394050,0,0,0,0,0
3535393794,0,0,0,0,0
3535393538,0,0,0,0,0
3535393282,0,0,0,0,0
3535393026,0,0,0,0,0
3535392770,0,0,0,0,0
3535392514,0,0,0,0,0
3535392258,0,0,0,0,0
3535392002,0,0,0,0,0
3535391746,0,0,0,0,0
3535391490,0,0,0,0,0
3535391234,0,0,0,0,0
3535390978,0,0,0,0,0
3535390722,0,0,0,0,0
3535390466,0,0,0,0,0
3535390210,0,0,0,0,0
3535389954,0,0,0,0,0
3535389698,0,0,0,0,0
3535389442,0,0,0,0,0
3535389186,0,0,0,0,0
3535388930,0,0,0,0,0
3535388674,0,0,0,0,0
3535388418,0,0,0,0,0
3535388162,0,0,0,0,0
3535387906,0,0,0,0,0
3535387650,0,0,0,0,0
3535387394,0,0,0,0,0
3535387138,0,0,0,0,0
3535386882,0,0,0,0,0
3535386626,0,0,0,0,0
3535386370,0,0,0,0,0
3535386114,0,0,0,0,0
3535385858,0,0,0,0,0
3535385602,0,0,0,0,0
3535385346,0,0,0,0,0
3535385090,0,0,0,0,0
3535384834,0,0,0,0,0
3535384578,0,0,0,0,0
3535384322,0,0,0,0,0
3535384066,0,0,0,0,0
3535383810,0,0,0,0,0
3535383554,0,0,0,0,0
3535383298,0,0,0,0,0
3535383042,0,0,0,0,0
3535382786,0,0,0,0,0
3535382530,0,0,0,0,0
3535382274,0,0,0,0,0
3535382018,0,0,0,0,0
3535381762,0,0,0,0,0
3535381506,0,0,0,0,0
3535381250,0,0,0,0,0
3535380994,0,0,0,0,0
3535380738,0,0,0,0,0
3535380482,0,0,0,0,0
3535380226,0,0,0,0,0
3535379970,0,0,0,0,0
3535379714,0,0,0,0,0
3535379458,0,0,0,0,0
3535379202,0,0,0,0,0
3535378946,0,0,0,0,0
3535378690,0,0,0,0,0
3535378434,0,0,0,0,0
3535378178,0,0,0,0,0
3535377922,0,0,0,0,0
3535377666,0,0,0,0,0
3535377410,0,0,0,0,0
3535377154,0,0,0,0,0
3535376898,0,0,0,0,0
3535376642,0,0,0,0,0
3535376386,0,0,0,0,0
3535376130,0,0,0,0,0
3535375874,0,0,0,0,0
3535375618,0,0,0,0,0
3535375362,0,0,0,0,0
3535375106,0,0,0,0,0
3535374850,0,0,0,0,0
3535374594,0,0,0,0,0
3535374338,0,0,0,0,0
3535374082,0,0,0,0,0
3535373826,0,0,0,0,0
3535373570,0,0,0,0,0
3535373314,0,0,0,0,0
3535373058,0,0,0,0,0
3535372802,0,0,0,0,0
3535372546,0,0,0,0,0
3535372290,0,0,0,0,0
3535339266,0,0,0,0,0
3535339010,0,0,0,0,0
3535338754,0,0,0,0,0
3535338498,0,0,0,0,0
3535338242,0,0,0,0,0
3535337986,0,0,0,0,0
3535337730,0,0,0,0,0
3535337474,0,0,0,0,0
3535337218,0,0,0,0,0
3535336962,0,0,0,0,0
3535336706,0,0,0,0,0
3535336450,0,0,0,0,0
3535336194,0,0,0,0,0
3535335938,0,0,0,0,0
3535335682,0,0,0,0,0
3535335426,0,0,0,0,0
3535335170,0,0,0,0,0
3535334914,0,0,0,0,0
3535334658,0,0,0,0,0
3535334402,0,0,0,0,0
3535334146,0,0,0,0,0
3535333890,0,0,0,0,0
3535333634,0,0,0,0,0
3535333378,0,0,0,0,0
3535333122,0,0,0,0,0
3535332866,0,0,0,0,0
3535332610,0,0,0,0,0
3535332354,0,0,0,0,0
3535332098,0,0,0,0,0
3535331842,0,0,0,0,0
3535331586,0,0,0,0,0
3535331330,0,0,0,0,0
3535331074,0,0,0,0,0
3535330818,0,0,0,0,0
3535330562,0,0,0,0,0
3535330306,0,0,0,0,0
3535330050,0,0,0,0,0
3535329794,0,0,0,0,0
3535329538,0,0,0,0,0
3535329282,0,0,0,0,0
3535329026,0,0,0,0,0
3535328770,0,0,0,0,0
3535328514,0,0,0,0,0
3535328258,0,0,0,0,0
3535328002,0,0,0,0,0
3535327746,0,0,0,0,0
3535327490,0,0,0,0,0
3535327234,0,0,0,0,0
3535326978,0,0,0,0,0
3535326722,0,0,0,0,0
3535326466,0,0,0,0,0
3535326210,0,0,0,0,0
3535325954,0,0,0,0,0
3535325698,0,0,0,0,0
3535325442,0,0,0,0,0
3535325186,0,0,0,0,0
3535324930,0,0,0,0,0
3535324674,0,0,0,0,0
3535324418,0,0,0,0,0
3535324162,0,0,0,0,0
3535323906,0,0,0,0,0
3535323650,0,0,0,0,0
3535323394,0,0,0,0,0
3535323138,0,0,0,0,0
3535322882,0,0,0,0,0
3535322626,0,0,0,0,0
3535322370,0,0,0,0,0
3535322114,0,0,0,0,0
3535321858,0,0,0,0,0
3535321602,0,0,0,0,0
3535321346,0,0,0,0,0
3535321090,0,0,0,0,0
3535320834,0,0,0,0,0
3535320578,0,0,0,0,0
3535320322,0,0,0,0,0
3535320066,0,0,0,0,0
3535319810,0,0,0,0,0
3535700482,0,0,0,0,0
3535700226,0,0,0,0,0
3535699970,0,0,0,0,0
3535666946,0,0,0,0,0
3535666690,0,0,0,0,0
3535666434,0,0,0,0,0
3535666178,0,0,0,0,0
3535665922,0,0,0,0,0
3535665666,0,0,0,0,0
3535665410,0,0,0,0,0
3535665154,0,0,0,0,0
3535664898,0,0,0,0,0
3535664642,0,0,0,0,0
3535664386,0,0,0,0,0
3535664130,0,0,0,0,0
3535663874,0,0,0,0,0
3535663618,0,0,0,0,0
3535663362,0,0,0,0,0
3535663106,0,0,0,0,0
3535662850,0,0,0,0,0
3535662594,0,0,0,0,0
3535662338,0,0,0,0,0
3535662082,0,0,0,0,0
3535661826,0,0,0,0,0
3535661570,0,0,0,0,0
3535661314,0,0,0,0,0
3535661058,0,0,0,0,0
3535660802,0,0,0,0,0
3535660546,0,0,0,0,0
3535660290,0,0,0,0,0
3535660034,0,0,0,0,0
3535659778,0,0,0,0,0
3535659522,0,0,0,0,0
3535659266,0,0,0,0,0
3535659010,0,0,0,0,0
3535658754,0,0,0,0,0
3535658498,0,0,0,0,0
3535658242,0,0,0,0,0
3535657986,0,0,0,0,0
3535657730,0,0,0,0,0
3535657474,0,0,0,0,0
3535657218,0,0,0,0,0
3535656962,0,0,0,0,0
3535656706,0,0,0,0,0
3535656450,0,0,0,0,0
3535656194,0,0,0,0,0
3535655938,0,0,0,0,0
3535655682,0,0,0,0,0
3535655426,0,0,0,0,0
3535655170,0,0,0,0,0
3535654914,0,0,0,0,0
3535654658,0,0,0,0,0
3535654402,0,0,0,0,0
3535654146,0,0,0,0,0
3535653890,0,0,0,0,0
3535653634,0,0,0,0,0
3535653378,0,0,0,0,0
3535653122,0,0,0,0,0
3535652866,0,0,0,0,0
3535652610,0,0,0,0,0
3535652354,0,0,0,0,0
3535652098,0,0,0,0,0
3535651842,0,0,0,0,0
3535651586,0,0,0,0,0
3535651330,0,0,0,0,0
3535651074,0,0,0,0,0
3535650818,0,0,0,0,0
3535650562,0,0,0,0,0
3535650306,0,0,0,0,0
3535650050,0,0,0,0,0
3535649794,0,0,0,0,0
3535649538,0,0,0,0,0
3535649282,0,0,0,0,0
3535649026,0,0,0,0,0
3535648770,0,0,0,0,0
3535648514,0,0,0,0,0
3535648258,0,0,0,0,0
3535648002,0,0,0,0,0
3535647746,0,0,0,0,0
3535647490,0,0,0,0,0
3535647234,0,0,0,0,0
3535646978,0,0,0,0,0
3535646722,0,0,0,0,0
3535646466,0,0,0,0,0
3535646210,0,0,0,0,0
3535645954,0,0,0,0,0
3535645698,0,0,0,0,0
3535645442,0,0,0,0,0
3535645186,0,0,0,0,0
3535644930,0,0,0,0,0
3535644674,0,0,0,0,0
3535644418,0,0,0,0,0
3535644162,0,0,0,0,0
3535643906,0,0,0,0,0
3535643650,0,0,0,0,0
3535643394,0,0,0,0,0
3535643138,0,0,0,0,0
3535642882,0,0,0,0,0
3535642626,0,0,0,0,0
3535642370,0,0,0,0,0
3535642114,0,0,0,0,0
3535641858,0,0,0,0,0
3535641602,0,0,0,0,0
3535641346,0,0,0,0,0
3535641090,0,0,0,0,0
3535640834,0,0,0,0,0
3535640578,0,0,0,0,0
3535640322,0,0,0,0,0
3535640066,0,0,0,0,0
3535639810,0,0,0,0,0
3535639554,0,0,0,0,0
3535639298,0,0,0,0,0
3535639042,0,0,0,0,0
3535638786,0,0,0,0,0
3535638530,0,0,0,0,0
3535638274,0,0,0,0,0
3535638018,0,0,0,0,0
3535637762,0,0,0,0,0
3535637506,0,0,0,0,0
3535637250,0,0,0,0,0
3535636994,0,0,0,0,0
3535636738,0,0,0,0,0
3535636482,0,0,0,0,0
3535636226,0,0,0,0,0
3535635970,0,0,0,0,0
3535635714,0,0,0,0,0
3535635458,0,0,0,0,0
3535635202,0,0,0,0,0
3535634946,0,0,0,0,0
3535634690,0,0,0,0,0
3535634434,0,0,0,0,0
3535601410,0,0,0,0,0
3535601154,0,0,0,0,0
3535600898,0,0,0,0,0
3535600642,0,0,0,0,0
3535600386,0,0,0,0,0
3535600130,0,0,0,0,0
3535599874,0,0,0,0,0
3535599618,0,0,0,0,0
3535599362,0,0,0,0,0
3535599106,0,0,0,0,0
3535598850,0,0,0,0,0
3535598594,0,0,0,0,0
3535598338,0,0,0,0,0
3535598082,0,0,0,0,0
3535597826,0,0,0,0,0
3535597570,0,0,0,0,0
3535597314,0,0,0,0,0
3535597058,0,0,0,0,0
3535596802,0,0,0,0,0
3535596546,0,0,0,0,0
3535596290,0,0,0,0,0
3535596034,0,0,0,0,0
3535595778,0,0,0,0,0
3535595522,0,0,0,0,0
3535595266,0,0,0,0,0
3535595010,0,0,0,0,0
3535594754,0,0,0,0,0
3535594498,0,0,0,0,0
3535594242,0,0,0,0,0
3535593986,0,0,0,0,0
3535593730,0,0,0,0,0
3535593474,0,0,0,0,0
3535593218,0,0,0,0,0
3535592962,0,0,0,0,0
3535592706,0,0,0,0,0
3535592450,0,0,0,0,0
3535592194,0,0,0,0,0
3535591938,0,0,0,0,0
3535591682,0,0,0,0,0
3535591426,0,0,0,0,0
3535591170,0,0,0,0,0
3535590914,0,0,0,0,0
3535590658,0,0,0,0,0
3535590402,0,0,0,0,0
3535590146,0,0,0,0,0
3535589890,0,0,0,0,0
3535589634,0,0,0,0,0
3535589378,0,0,0,0,0
3535589122,0,0,0,0,0
3535588866,0,0,0,0,0
3535588610,0,0,0,0,0
3535588354,0,0,0,0,0
3535588098,0,0,0,0,0
3535587842,0,0,0,0,0
3535587586,0,0,0,0,0
3535587330,0,0,0,0,0
3535587074,0,0,0,0,0
3535586818,0,0,0,0,0
3535586562,0,0,0,0,0
3535586306,0,0,0,0,0
3535586050,0,0,0,0,0
3535585794,0,0,0,0,0
3535585538,0,0,0,0,0
3535585282,0,0,0,0,0
3535585026,0,0,0,0,0
3535584770,0,0,0,0,0
3535584514,0,0,0,0,0
3535584258,0,0,0,0,0
3535584002,0,0,0,0,0
3535583746,0,0,0,0,0
3535583490,0,0,0,0,0
3535583234,0,0,0,0,0
3535582978,0,0,0,0,0
3535582722,0,0,0,0,0
3535582466,0,0,0,0,0
3535582210,0,0,0,0,0
3535581954,0,0,0,0,0
3535581698,0,0,0,0,0
3535581442,0,0,0,0,0
3535581186,0,0,0,0,0
3535580930,0,0,0,0,0
3535580674,0,0,0,0,0
3535580418,0,0,0,0,0
3535580162,0,0,0,0,0
3535579906,0,0,0,0,0
3535579650,0,0,0,0,0
3535579394,0,0,0,0,0
3535579138,0,0,0,0,0
3535578882,0,0,0,0,0
3535578626,0,0,0,0,0
3535578370,0,0,0,0,0
3535578114,0,0,0,0,0
3535577858,0,0,0,0,0
3535577602,0,0,0,0,0
3535577346,0,0,0,0,0
3535577090,0,0,0,0,0
3535576834,0,0,0,0,0
3535576578,0,0,0,0,0
3535576322,0,0,0,0,0
3535576066,0,0,0,0,0
3535575810,0,0,0,0,0
3535575554,0,0,0,0,0
3535575298,0,0,0,0,0
3535575042,0,0,0,0,0
3535574786,0,0,0,0,0
3535574530,0,0,0,0,0
3535574274,0,0,0,0,0
3535574018,0,0,0,0,0
3535573762,0,0,0,0,0
3535573506,0,0,0,0,0
3535573250,0,0,0,0,0
3535572994,0,0,0,0,0
3535572738,0,0,0,0,0
3535572482,0,0,0,0,0
3535572226,0,0,0,0,0
3535571970,0,0,0,0,0
3535571714,0,0,0,0,0
3535571458,0,0,0,0,0
3535571202,0,0,0,0,0
3535570946,0,0,0,0,0
3535570690,0,0,0,0,0
3535570434,0,0,0,0,0
3535570178,0,0,0,0,0
3535569922,0,0,0,0,0
3535569666,0,0,0,0,0
3535569410,0,0,0,0,0
3535569154,0,0,0,0,0
3535568898,0,0,0,0,0
3535535874,0,0,0,0,0
3535535618,0,0,0,0,0
3535535362,0,0,0,0,0
3535535106,0,0,0,0,0
3535534850,0,0,0,0,0
3535534594,0,0,0,0,0
3535534338,0,0,0,0,0
3535534082,0,0,0,0,0
3535533826,0,0,0,0,0
3535533570,0,0,0,0,0
3535533314,0,0,0,0,0
3535533058,0,0,0,0,0
3535532802,0,0,0,0,0
3535532546,0,0,0,0,0
3535532290,0,0,0,0,0
3535532034,0,0,0,0,0
3535531778,0,0,0,0,0
3535531522,0,0,0,0,0
3535531266,0,0,0,0,0
3535531010,0,0,0,0,0
3535530754,0,0,0,0,0
3535530498,0,0,0,0,0
3535530242,0,0,0,0,0
3535529986,0,0,0,0,0
3535529730,0,0,0,0,0
3535529474,0,0,0,0,0
3535529218,0,0,0,0,0
3535528962,0,0,0,0,0
3535528706,0,0,0,0,0
3535528450,0,0,0,0,0
3535528194,0,0,0,0,0
3535527938,0,0,0,0,0
3535527682,0,0,0,0,0
3535527426,0,0,0,0,0
3535527170,0,0,0,0,0
3535526914,0,0,0,0,0
3535526658,0,0,0,0,0
3535526402,0,0,0,0,0
3535526146,0,0,0,0,0
3535525890,0,0,0,0,0
3535525634,0,0,0,0,0
3535525378,0,0,0,0,0
3535525122,0,0,0,0,0
3535524866,0,0,0,0,0
3535524610,0,0,0,0,0
3535524354,0,0,0,0,0
3535524098,0,0,0,0,0
3535523842,0,0,0,0,0
3535523586,0,0,0,0,0
3535523330,0,0,0,0,0
3535523074,0,0,0,0,0
3535522818,0,0,0,0,0
3535522562,0,0,0,0,0
3535522306,0,0,0,0,0
3535522050,0,0,0,0,0
3535521794,0,0,0,0,0
3535521538,0,0,0,0,0
3535521282,0,0,0,0,0
3535521026,0,0,0,0,0
3535520770,0,0,0,0,0
3535520514,0,0,0,0,0
3535520258,0,0,0,0,0
3535520002,0,0,0,0,0
3535519746,0,0,0,0,0
3535519490,0,0,0,0,0
3535519234,0,0,0,0,0
3535518978,0,0,0,0,0
3535518722,0,0,0,0,0
3535518466,0,0,0,0,0
3535518210,0,0,0,0,0
3535517954,0,0,0,0,0
3535517698,0,0,0,0,0
3535517442,0,0,0,0,0
3535517186,0,0,0,0,0
3535516930,0,0,0,0,0
3535516674,0,0,0,0,0
3535516418,0,0,0,0,0
3535516162,0,0,0,0,0
3535515906,0,0,0,0,0
3535515650,0,0,0,0,0
3535515394,0,0,0,0,0
3535515138,0,0,0,0,0
3535514882,0,0,0,0,0
3535514626,0,0,0,0,0
3535514370,0,0,0,0,0
3535514114,0,0,0,0,0
3535513858,0,0,0,0,0
3535513602,0,0,0,0,0
3535513346,0,0,0,0,0
3535513090,0,0,0,0,0
3535512834,0,0,0,0,0
3535512578,0,0,0,0,0
3535512322,0,0,0,0,0
3535512066,0,0,0,0,0
3535511810,0,0,0,0,0
3535511554,0,0,0,0,0
3535511298,0,0,0,0,0
3535511042,0,0,0,0,0
3535510786,0,0,0,0,0
3535510530,0,0,0,0,0
3535510274,0,0,0,0,0
3535510018,0,0,0,0,0
3535509762,0,0,0,0,0
3535509506,0,0,0,0,0
3535509250,0,0,0,0,0
3535508994,0,0,0,0,0
3535508738,0,0,0,0,0
3535508482,0,0,0,0,0
3535508226,0,0,0,0,0
3535507970,0,0,0,0,0
3535507714,0,0,0,0,0
3535507458,0,0,0,0,0
3535507202,0,0,0,0,0
3535506946,0,0,0,0,0
3535506690,0,0,0,0,0
3535506434,0,0,0,0,0
3535506178,0,0,0,0,0
3535505922,0,0,0,0,0
3535505666,0,0,0,0,0
3535505410,0,0,0,0,0
3535505154,0,0,0,0,0
3535504898,0,0,0,0,0
3535504642,0,0,0,0,0
3535504386,0,0,0,0,0
3535504130,0,0,0,0,0
3535503874,0,0,0,0,0
3535503618,0,0,0,0,0
3535503362,0,0,0,0,0
3535470338,0,0,0,0,0
3535470082,0,0,0,0,0
3535469826,0,0,0,0,0
3535469570,0,0,0,0,0
3535469314,0,0,0,0,0
3535469058,0,0,0,0,0
3535468802,0,0,0,0,0
3535468546,0,0,0,0,0
3535468290,0,0,0,0,0
3535468034,0,0,0,0,0
3535467778,0,0,0,0,0
3535467522,0,0,0,0,0
3535467266,0,0,0,0,0
3535467010,0,0,0,0,0
3535466754,0,0,0,0,0
3535466498,0,0,0,0,0
3535466242,0,0,0,0,0
3535465986,0,0,0,0,0
3535465730,0,0,0,0,0
3535465474,0,0,0,0,0
3535465218,0,0,0,0,0
3535464962,0,0,0,0,0
3535464706,0,0,0,0,0
3535464450,0,0,0,0,0
3535464194,0,0,0,0,0
3535463938,0,0,0,0,0
3535463682,0,0,0,0,0
3535463426,0,0,0,0,0
3535463170,0,0,0,0,0
3535462914,0,0,0,0,0
3535462658,0,0,0,0,0
3535462402,0,0,0,0,0
3535462146,0,0,0,0,0
3535461890,0,0,0,0,0
3535461634,0,0,0,0,0
3535461378,0,0,0,0,0
3535461122,0,0,0,0,0
3535460866,0,0,0,0,0
3535460610,0,0,0,0,0
3535460354,0,0,0,0,0
3535460098,0,0,0,0,0
3535459842,0,0,0,0,0
3535459586,0,0,0,0,0
3535459330,0,0,0,0,0
3535459074,0,0,0,0,0
3535458818,0,0,0,0,0
3535458562,0,0,0,0,0
3535458306,0,0,0,0,0
3535458050,0,0,0,0,0
3535457794,0,0,0,0,0
3535457538,0,0,0,0,0
3535457282,0,0,0,0,0
3535457026,0,0,0,0,0
3535456770,0,0,0,0,0
3535456514,0,0,0,0,0
3535456258,0,0,0,0,0
3535456002,0,0,0,0,0
3535455746,0,0,0,0,0
3535455490,0,0,0,0,0
3535455234,0,0,0,0,0
3535454978,0,0,0,0,0
3535454722,0,0,0,0,0
3535454466,0,0,0,0,0
3535454210,0,0,0,0,0
3535453954,0,0,0,0,0
3535453698,0,0,0,0,0
3535453442,0,0,0,0,0
3535453186,0,0,0,0,0
3535452930,0,0,0,0,0
3535452674,0,0,0,0,0
3535452418,0,0,0,0,0
3535452162,0,0,0,0,0
3535451906,0,0,0,0,0
3535451650,0,0,0,0,0
3535451394,0,0,0,0,0
3535451138,0,0,0,0,0
3535450882,0,0,0,0,0
3535450626,0,0,0,0,0
3535450370,0,0,0,0,0
3535450114,0,0,0,0,0
3535449858,0,0,0,0,0
3535449602,0,0,0,0,0
3535449346,0,0,0,0,0
3535449090,0,0,0,0,0
3535448834,0,0,0,0,0
3535448578,0,0,0,0,0
3535448322,0,0,0,0,0
3535448066,0,0,0,0,0
3535447810,0,0,0,0,0
3535447554,0,0,0,0,0
3535447298,0,0,0,0,0
3535447042,0,0,0,0,0
3535446786,0,0,0,0,0
3535446530,0,0,0,0,0
3535446274,0,0,0,0,0
3535446018,0,0,0,0,0
3535445762,0,0,0,0,0
3535445506,0,0,0,0,0
3535445250,0,0,0,0,0
3535444994,0,0,0,0,0
3535444738,0,0,0,0,0
3535444482,0,0,0,0,0
3535444226,0,0,0,0,0
3535443970,0,0,0,0,0
3535443714,0,0,0,0,0
3535443458,0,0,0,0,0
3535443202,0,0,0,0,0
3535442946,0,0,0,0,0
3535442690,0,0,0,0,0
3535442434,0,0,0,0,0
3535442178,0,0,0,0,0
3535441922,0,0,0,0,0
3535441666,0,0,0,0,0
3535441410,0,0,0,0,0
3535441154,0,0,0,0,0
3535440898,0,0,0,0,0
3535440642,0,0,0,0,0
3535440386,0,0,0,0,0
3535440130,0,0,0,0,0
3535439874,0,0,0,0,0
3535439618,0,0,0,0,0
3535439362,0,0,0,0,0
3535439106,0,0,0,0,0
3535438850,0,0,0,0,0
3535438594,0,0,0,0,0
3535438338,0,0,0,0,0
3535438082,0,0,0,0,0
3535437826,0,0,0,0,0
3535404802,0,0,0,0,0
3535404546,0,0,0,0,0
3535404290,0,0,0,0,0
3535404034,0,0,0,0,0
3535403778,0,0,0,0,0
3535403522,0,0,0,0,0
3535403266,0,0,0,0,0
3535403010,0,0,0,0,0
3535402754,0,0,0,0,0
3535402498,0,0,0,0,0
3535402242,0,0,0,0,0
3535401986,0,0,0,0,0
3535401730,0,0,0,0,0
3535401474,0,0,0,0,0
3535401218,0,0,0,0,0
3535400962,0,0,0,0,0
3535400706,0,0,0,0,0
3535400450,0,0,0,0,0
3535400194,0,0,0,0,0
3535399938,0,0,0,0,0
3535399682,0,0,0,0,0
3535399426,0,0,0,0,0
3535399170,0,0,0,0,0
3535398914,0,0,0,0,0
3535398658,0,0,0,0,0
3535398402,0,0,0,0,0
3535398146,0,0,0,0,0
3535397890,0,0,0,0,0
3535397634,0,0,0,0,0
3535397378,0,0,0,0,0
3535397122,0,0,0,0,0
3535396866,0,0,0,0,0
3535396610,0,0,0,0,0
3535396354,0,0,0,0,0
3535396098,0,0,0,0,0
3535395842,0,0,0,0,0
3535395586,0,0,0,0,0
3535395330,0,0,0,0,0
3535395074,0,0,0,0,0
3535394818,0,0,0,0,0
3535394562,0,0,0,0,0
3535394306,0,0,0,0,0
3535394050,0,0,0,0,0
3535393794,0,0,0,0,0
3535393538,0,0,0,0,0
3535393282,0,0,0,0,0
3535393026,0,0,0,0,0
3535392770,0,0,0,0,0
3535392514,0,0,0,0,0
3535392258,0,0,0,0,0
3535392002,0,0,0,0,0
3535391746,0,0,0,0,0
3535391490,0,0,0,0,0
3535391234,0,0,0,0,0
3535390978,0,0,0,0,0
3535390722,0,0,0,0,0
3535390466,0,0,0,0,0
3535390210,0,0,0,0,0
3535389954,0,0,0,0,0
3535389698,0,0,0,0,0
3535389442,0,0,0,0,0
3535389186,0,0,0,0,0
3535388930,0,0,0,0,0
3535388674,0,0,0,0,0
3535388418,0,0,0,0,0
3535388162,0,0,0,0,0
3535387906,0,0,0,0,0
3535387650,0,0,0,0,0
3535387394,0,0,0,0,0
3535387138,0,0,0,0,0
3535386882,0,0,0,0,0
3535386626,0,0,0,0,0
3535386370,0,0,0,0,0
3535386114,0,0,0,0,0
3535385858,0,0,0,0,0
3535385602,0,0,0,0,0
3535385346,0,0,0,0,0
3535385090,0,0,0,0,0
3535384834,0,0,0,0,0
3535384578,0,0,0,0,0
3535384322,0,0,0,0,0
3535384066,0,0,0,0,0
3535383810,0,0,0,0,0
3535383554,0,0,0,0,0
3535383298,0,0,0,0,0
3535383042,0,0,0,0,0
3535382786,0,0,0,0,0
3535382530,0,0,0,0,0
3535382274,0,0,0,0,0
3535382018,0,0,0,0,0
3535381762,0,0,0,0,0
3535381506,0,0,0,0,0
3535381250,0,0,0,0,0
3535380994,0,0,0,0,0
3535380738,0,0,0,0,0
3535380482,0,0,0,0,0
3535380226,0,0,0,0,0
3535379970,0,0,0,0,0
3535379714,0,0,0,0,0
3535379458,0,0,0,0,0
3535379202,0,0,0,0,0
3535378946,0,0,0,0,0
3535378690,0,0,0,0,0
3535378434,0,0,0,0,0
3535378178,0,0,0,0,0
3535377922,0,0,0,0,0
3535377666,0,0,0,0,0
3535377410,0,0,0,0,0
3535377154,0,0,0,0,0
3535376898,0,0,0,0,0
3535376642,0,0,0,0,0
3535376386,0,0,0,0,0
3535376130,0,0,0,0,0
3535375874,0,0,0,0,0
3535375618,0,0,0,0,0
3535375362,0,0,0,0,0
3535375106,0,0,0,0,0
3535374850,0,0,0,0,0
3535374594,0,0,0,0,0
3535374338,0,0,0,0,0
3535374082,0,0,0,0,0
3535373826,0,0,0,0,0
3535373570,0,0,0,0,0
3535373314,0,0,0,0,0
3535373058,0,0,0,0,0
3535372802,0,0,0,0,0
3535372546,0,0,0,0,0
3535372290,0,0,0,0,0
3535339266,0,0,0,0,0
3535339010,0,0,0,0,0
3535338754,0,0,0,0,0
3535338498,0,0,0,0,0
3535338242,0,0,0,0,0
3535337986,0,0,0,0,0
3535337730,0,0,0,0,0
3535337474,0,0,0,0,0
3535337218,0,0,0,0,0
3535336962,0,0,0,0,0
3535336706,0,0,0,0,0
3535336450,0,0,0,0,0
3535336194,0,0,0,0,0
3535335938,0,0,0,0,0
3535335682,0,0,0,0,0
3535335426,0,0,0,0,0
3535335170,0,0,0,0,0
3535334914,0,0,0,0,0
3535334658,0,0,0,0,0
3535334402,0,0,0,0,0
3535334146,0,0,0,0,0
3535333890,0,0,0,0,0
3535333634,0,0,0,0,0
3535333378,0,0,0,0,0
3535333122,0,0,0,0,0
3535332866,0,0,0,0,0
3535332610,0,0,0,0,0
3535332354,0,0,0,0,0
3535332098,0,0,0,0,0
3535331842,0,0,0,0,0
3535331586,0,0,0,0,0
3535331330,0,0,0,0,0
3535331074,0,0,0,0,0
3535330818,0,0,0,0,0
3535330562,0,0,0,0,0
3535330306,0,0,0,0,0
3535330050,0,0,0,0,0
3535329794,0,0,0,0,0
3535329538,0,0,0,0,0
3535329282,0,0,0,0,0
3535329026,0,0,0,0,0
3535328770,0,0,0,0,0
3535328514,0,0,0,0,0
3535328258,0,0,0,0,0
3535328002,0,0,0,0,0
3535327746,0,0,0,0,0
3535327490,0,0,0,0,0
3535327234,0,0,0,0,0
3535326978,0,0,0,0,0
3535326722,0,0,0,0,0
3535326466,0,0,0,0,0
3535326210,0,0,0,0,0
3535325954,0,0,0,0,0
3535325698,0,0,0,0,0
3535325442,0,0,0,0,0
3535325186,0,0,0,0,0
3535324930,0,0,0,0,0
3535324674,0,0,0,0,0
3535324418,0,0,0,0,0
3535324162,0,0,0,0,0
3535323906,0,0,0,0,0
3535323650,0,0,0,0,0
3535323394,0,0,0,0,0
3535323138,0,0,0,0,0
3535322882,0,0,0,0,0
3535322626,0,0,0,0,0
3535322370,0,0,0,0,0
3535322114,0,0,0,0,0
3535321858,0,0,0,0,0
3535321602,0,0,0,0,0
3535321346,0,0,0,0,0
3535321090,0,0,0,0,0
3535320834,0,0,0,0,0
3535320578,0,0,0,0,0
3535320322,0,0,0,0,0
3535320066,0,0,0,0,0
3535319810,0,0,0,0,0
3536249346,0,0,0,0,0
3536249090,0,0,0,0,0
3536248834,0,0,0,0,0
3536248578,0,0,0,0,0
3536248322,0,0,0,0,0
3536248066,0,0,0,0,0
3536247810,0,0,0,0,0
3536247554,0,0,0,0,0
3536247298,0,0,0,0,0
3536247042,0,0,0,0,0
3536246786,0,0,0,0,0
3536246530,0,0,0,0,0
3536246274,0,0,0,0,0
3536246018,0,0,0,0,0
3536245762,0,0,0,0,0
3536245506,0,0,0,0,0
3536245250,0,0,0,0,0
3536244994,0,0,0,0,0
3536244738,0,0,0,0,0
3536244482,0,0,0,0,0
3536244226,0,0,0,0,0
3536243970,0,0,0,0,0
3536243714,0,0,0,0,0
3536243458,0,0,0,0,0
3536243202,0,0,0,0,0
3536242946,0,0,0,0,0
3536242690,0,0,0,0,0
3536242434,0,0,0,0,0
3536242178,0,0,0,0,0
3536241922,0,0,0,0,0
3536241666,0,0,0,0,0
3536241410,0,0,0,0,0
3536241154,0,0,0,0,0
3536240898,0,0,0,0,0
3536240642,0,0,0,0,0
3536240386,0,0,0,0,0
3536240130,0,0,0,0,0
3536239874,0,0,0,0,0
3536239618,0,0,0,0,0
3536239362,0,0,0,0,0
3536239106,0,0,0,0,0
3536238850,0,0,0,0,0
3536238594,0,0,0,0,0
3536238338,0,0,0,0,0
3536238082,0,0,0,0,0
3536237826,0,0,0,0,0
3536237570,0,0,0,0,0
3536237314,0,0,0,0,0
3536237058,0,0,0,0,0
3536236802,0,0,0,0,0
3536236546,0,0,0,0,0
3536236290,0,0,0,0,0
3536236034,0,0,0,0,0
3536235778,0,0,0,0,0
3536235522,0,0,0,0,0
3536235266,0,0,0,0,0
3536235010,0,0,0,0,0
3536234754,0,0,0,0,0
3536234498,0,0,0,0,0
3536234242,0,0,0,0,0
3536233986,0,0,0,0,0
3536233730,0,0,0,0,0
3536233474,0,0,0,0,0
3536233218,0,0,0,0,0
3536232962,0,0,0,0,0
3536232706,0,0,0,0,0
3536232450,0,0,0,0,0
3536232194,0,0,0,0,0
3536231938,0,0,0,0,0
3536231682,0,0,0,0,0
3536231426,0,0,0,0,0
3536231170,0,0,0,0,0
3536230914,0,0,0,0,0
3536230658,0,0,0,0,0
3536230402,0,0,0,0,0
3536230146,0,0,0,0,0
3536229890,0,0,0,0,0
3536229634,0,0,0,0,0
3536229378,0,0,0,0,0
3536229122,0,0,0,0,0
3536228866,0,0,0,0,0
3536228610,0,0,0,0,0
3536228354,0,0,0,0,0
3536228098,0,0,0,0,0
3536227842,0,0,0,0,0
3536227586,0,0,0,0,0
3536227330,0,0,0,0,0
3536227074,0,0,0,0,0
3536226818,0,0,0,0,0
3536226562,0,0,0,0,0
3536226306,0,0,0,0,0
3536226050,0,0,0,0,0
3536225794,0,0,0,0,0
3536225538,0,0,0,0,0
3536225282,0,0,0,0,0
3536225026,0,0,0,0,0
3536224770,0,0,0,0,0
3536224514,0,0,0,0,0
3536224258,0,0,0,0,0
3536191234,0,0,0,0,0
3536190978,0,0,0,0,0
3536190722,0,0,0,0,0
3536190466,0,0,0,0,0
3536190210,0,0,0,0,0
3536189954,0,0,0,0,0
3536189698,0,0,0,0,0
3536189442,0,0,0,0,0
3536189186,0,0,0,0,0
3536188930,0,0,0,0,0
3536188674,0,0,0,0,0
3536188418,0,0,0,0,0
3536188162,0,0,0,0,0
3536187906,0,0,0,0,0
3536187650,0,0,0,0,0
3536187394,0,0,0,0,0
3536187138,0,0,0,0,0
3536186882,0,0,0,0,0
3536186626,0,0,0,0,0
3536186370,0,0,0,0,0
3536186114,0,0,0,0,0
3536185858,0,0,0,0,0
3536185602,0,0,0,0,0
3536185346,0,0,0,0,0
3536185090,0,0,0,0,0
3536184834,0,0,0,0,0
3536184578,0,0,0,0,0
3536184322,0,0,0,0,0
3536184066,0,0,0,0,0
3536183810,0,0,0,0,0
3536183554,0,0,0,0,0
3536183298,0,0,0,0,0
3536183042,0,0,0,0,0
3536182786,0,0,0,0,0
3536182530,0,0,0,0,0
3536182274,0,0,0,0,0
3536182018,0,0,0,0,0
3536181762,0,0,0,0,0
3536181506,0,0,0,0,0
3536181250,0,0,0,0,0
3536180994,0,0,0,0,0
3536180738,0,0,0,0,0
3536180482,0,0,0,0,0
3536180226,0,0,0,0,0
3536179970,0,0,0,0,0
3536179714,0,0,0,0,0
3536179458,0,0,0,0,0
3536179202,0,0,0,0,0
3536178946,0,0,0,0,0
3536178690,0,0,0,0,0
3536178434,0,0,0,0,0
3536178178,0,0,0,0,0
3536177922,0,0,0,0,0
3536177666,0,0,0,0,0
3536177410,0,0,0,0,0
3536177154,0,0,0,0,0
3536176898,0,0,0,0,0
3536176642,0,0,0,0,0
3536176386,0,0,0,0,0
3536176130,0,0,0,0,0
3536175874,0,0,0,0,0
3536175618,0,0,0,0,0
3536175362,0,0,0,0,0
3536175106,0,0,0,0,0
3536174850,0,0,0,0,0
3536174594,0,0,0,0,0
3536174338,0,0,0,0,0
3536174082,0,0,0,0,0
3536173826,0,0,0,0,0
3536173570,0,0,0,0,0
3536173314,0,0,0,0,0
3536173058,0,0,0,0,0
3536172802,0,0,0,0,0
3536172546,0,0,0,0,0
3536172290,0,0,0,0,0
3536172034,0,0,0,0,0
3536171778,0,0,0,0,0
3536171522,0,0,0,0,0
3536171266,0,0,0,0,0
3536171010,0,0,0,0,0
3536170754,0,0,0,0,0
3536170498,0,0,0,0,0
3536170242,0,0,0,0,0
3536169986,0,0,0,0,0
3536169730,0,0,0,0,0
3536169474,0,0,0,0,0
3536169218,0,0,0,0,0
3536168962,0,0,0,0,0
3536168706,0,0,0,0,0
3536168450,0,0,0,0,0
3536168194,0,0,0,0,0
3536167938,0,0,0,0,0
3536167682,0,0,0,0,0
3536167426,0,0,0,0,0
3536167170,0,0,0,0,0
3536166914,0,0,0,0,0
3536166658,0,0,0,0,0
3536166402,0,0,0,0,0
3536166146,0,0,0,0,0
3536165890,0,0,0,0,0
3536165634,0,0,0,0,0
3536165378,0,0,0,0,0
3536165122,0,0,0,0,0
3536164866,0,0,0,0,0
3536164610,0,0,0,0,0
3536164354,0,0,0,0,0
3536164098,0,0,0,0,0
3536163842,0,0,0,0,0
3536163586,0,0,0,0,0
3536163330,0,0,0,0,0
3536163074,0,0,0,0,0
3536162818,0,0,0,0,0
3536162562,0,0,0,0,0
3536162306,0,0,0,0,0
3536162050,0,0,0,0,0
3536161794,0,0,0,0,0
3536161538,0,0,0,0,0
3536161282,0,0,0,0,0
3536161026,0,0,0,0,0
3536160770,0,0,0,0,0
3536160514,0,0,0,0,0
3536160258,0,0,0,0,0
3536160002,0,0,0,0,0
3536159746,0,0,0,0,0
3536159490,0,0,0,0,0
3536159234,0,0,0,0,0
3536158978,0,0,0,0,0
3536158722,0,0,0,0,0
3536125698,0,0,0,0,0
3536125442,0,0,0,0,0
3536125186,0,0,0,0,0
3536124930,0,0,0,0,0
3536124674,0,0,0,0,0
3536124418,0,0,0,0,0
3536124162,0,0,0,0,0
3536123906,0,0,0,0,0
3536123650,0,0,0,0,0
3536123394,0,0,0,0,0
3536123138,0,0,0,0,0
3536122882,0,0,0,0,0
3536122626,0,0,0,0,0
3536122370,0,0,0,0,0
3536122114,0,0,0,0,0
3536121858,0,0,0,0,0
3536121602,0,0,0,0,0
3536121346,0,0,0,0,0
3536121090,0,0,0,0,0
3536120834,0,0,0,0,0
3536120578,0,0,0,0,0
3536120322,0,0,0,0,0
3536120066,0,0,0,0,0
3536119810,0,0,0,0,0
3536119554,0,0,0,0,0
3536119298,0,0,0,0,0
3536119042,0,0,0,0,0
3536118786,0,0,0,0,0
3536118530,0,0,0,0,0
3536118274,0,0,0,0,0
3536118018,0,0,0,0,0
3536117762,0,0,0,0,0
3536117506,0,0,0,0,0
3536117250,0,0,0,0,0
3536116994,0,0,0,0,0
3536116738,0,0,0,0,0
3536116482,0,0,0,0,0
3536116226,0,0,0,0,0
3536115970,0,0,0,0,0
3536115714,0,0,0,0,0
3536115458,0,0,0,0,0
3536115202,0,0,0,0,0
3536114946,0,0,0,0,0
3536114690,0,0,0,0,0
3536114434,0,0,0,0,0
3536114178,0,0,0,0,0
3536113922,0,0,0,0,0
3536113666,0,0,0,0,0
3536113410,0,0,0,0,0
3536113154,0,0,0,0,0
3536112898,0,0,0,0,0
3536112642,0,0,0,0,0
3536112386,0,0,0,0,0
3536112130,0,0,0,0,0
3536111874,0,0,0,0,0
3536111618,0,0,0,0,0
3536111362,0,0,0,0,0
3536111106,0,0,0,0,0
3536110850,0,0,0,0,0
3536110594,0,0,0,0,0
3536110338,0,0,0,0,0
3536110082,0,0,0,0,0
3536109826,0,0,0,0,0
3536109570,0,0,0,0,0
3536109314,0,0,0,0,0
3536109058,0,0,0,0,0
3536108802,0,0,0,0,0
3536108546,0,0,0,0,0
3536108290,0,0,0,0,0
3536108034,0,0,0,0,0
3536107778,0,0,0,0,0
3536107522,0,0,0,0,0
3536107266,0,0,0,0,0
3536107010,0,0,0,0,0
3536106754,0,0,0,0,0
3536106498,0,0,0,0,0
3536106242,0,0,0,0,0
3536105986,0,0,0,0,0
3536105730,0,0,0,0,0
3536105474,0,0,0,0,0
3536105218,0,0,0,0,0
3536104962,0,0,0,0,0
3536104706,0,0,0,0,0
3536104450,0,0,0,0,0
3536104194,0,0,0,0,0
3536103938,0,0,0,0,0
3536103682,0,0,0,0,0
3536103426,0,0,0,0,0
3536103170,0,0,0,0,0
3536102914,0,0,0,0,0
3536102658,0,0,0,0,0
3536102402,0,0,0,0,0
3536102146,0,0,0,0,0
3536101890,0,0,0,0,0
3536101634,0,0,0,0,0
3536101378,0,0,0,0,0
3536101122,0,0,0,0,0
3536100866,0,0,0,0,0
3536100610,0,0,0,0,0
3536100354,0,0,0,0,0
3536100098,0,0,0,0,0
3536099842,0,0,0,0,0
3536099586,0,0,0,0,0
3536099330,0,0,0,0,0
3536099074,0,0,0,0,0
3536098818,0,0,0,0,0
3536098562,0,0,0,0,0
3536098306,0,0,0,0,0
3536098050,0,0,0,0,0
3536097794,0,0,0,0,0
3536097538,0,0,0,0,0
3536097282,0,0,0,0,0
3536097026,0,0,0,0,0
3536096770,0,0,0,0,0
3536096514,0,0,0,0,0
3536096258,0,0,0,0,0
3536096002,0,0,0,0,0
3536095746,0,0,0,0,0
3536095490,0,0,0,0,0
3536095234,0,0,0,0,0
3536094978,0,0,0,0,0
3536094722,0,0,0,0,0
3536094466,0,0,0,0,0
3536094210,0,0,0,0,0
3536093954,0,0,0,0,0
3536093698,0,0,0,0,0
3536093442,0,0,0,0,0
3536093186,0,0,0,0,0
3536060162,0,0,0,0,0
3536059906,0,0,0,0,0
3536059650,0,0,0,0,0
3536059394,0,0,0,0,0
3536059138,0,0,0,0,0
3536058882,0,0,0,0,0
3536058626,0,0,0,0,0
3536058370,0,0,0,0,0
3536058114,0,0,0,0,0
3536057858,0,0,0,0,0
3536057602,0,0,0,0,0
3536057346,0,0,0,0,0
3536057090,0,0,0,0,0
3536056834,0,0,0,0,0
3536056578,0,0,0,0,0
3536056322,0,0,0,0,0
3536056066,0,0,0,0,0
3536055810,0,0,0,0,0
3536055554,0,0,0,0,0
3536055298,0,0,0,0,0
3536055042,0,0,0,0,0
3536054786,0,0,0,0,0
3536054530,0,0,0,0,0
3536054274,0,0,0,0,0
3536054018,0,0,0,0,0
3536053762,0,0,0,0,0
3536053506,0,0,0,0,0
3536053250,0,0,0,0,0
3536052994,0,0,0,0,0
3536052738,0,0,0,0,0
3536052482,0,0,0,0,0
3536052226,0,0,0,0,0
3536051970,0,0,0,0,0
3536051714,0,0,0,0,0
3536051458,0,0,0,0,0
3536051202,0,0,0,0,0
3536050946,0,0,0,0,0
3536050690,0,0,0,0,0
3536050434,0,0,0,0,0
3536050178,0,0,0,0,0
3536049922,0,0,0,0,0
3536049666,0,0,0,0,0
3536049410,0,0,0,0,0
3536049154,0,0,0,0,0
3536048898,0,0,0,0,0
3536048642,0,0,0,0,0
3536048386,0,0,0,0,0
3536048130,0,0,0,0,0
3536047874,0,0,0,0,0
3536047618,0,0,0,0,0
3536047362,0,0,0,0,0
3536047106,0,0,0,0,0
3536046850,0,0,0,0,0
3536046594,0,0,0,0,0
3536046338,0,0,0,0,0
3536046082,0,0,0,0,0
3536045826,0,0,0,0,0
3536045570,0,0,0,0,0
3536045314,0,0,0,0,0
3536045058,0,0,0,0,0
3536044802,0,0,0,0,0
3536044546,0,0,0,0,0
3536044290,0,0,0,0,0
3536044034,0,0,0,0,0
3536043778,0,0,0,0,0
3536043522,0,0,0,0,0
3536043266,0,0,0,0,0
3536043010,0,0,0,0,0
3536042754,0,0,0,0,0
3536042498,0,0,0,0,0
3536042242,0,0,0,0,0
3536041986,0,0,0,0,0
3536041730,0,0,0,0,0
3536041474,0,0,0,0,0
3536041218,0,0,0,0,0
3536040962,0,0,0,0,0
3536040706,0,0,0,0,0
3536040450,0,0,0,0,0
3536040194,0,0,0,0,0
3536039938,0,0,0,0,0
3536039682,0,0,0,0,0
3536039426,0,0,0,0,0
3536039170,0,0,0,0,0
3536038914,0,0,0,0,0
3536038658,0,0,0,0,0
3536038402,0,0,0,0,0
3536038146,0,0,0,0,0
3536037890,0,0,0,0,0
3536037634,0,0,0,0,0
3536037378,0,0,0,0,0
3536037122,0,0,0,0,0
3536036866,0,0,0,0,0
3536036610,0,0,0,0,0
3536036354,0,0,0,0,0
3536036098,0,0,0,0,0
3536035842,0,0,0,0,0
3536035586,0,0,0,0,0
3536035330,0,0,0,0,0
3536035074,0,0,0,0,0
3536034818,0,0,0,0,0
3536034562,0,0,0,0,0
3536034306,0,0,0,0,0
3536034050,0,0,0,0,0
3536033794,0,0,0,0,0
3536033538,0,0,0,0,0
3536033282,0,0,0,0,0
3536033026,0,0,0,0,0
3536032770,0,0,0,0,0
3536032514,0,0,0,0,0
3536032258,0,0,0,0,0
3536032002,0,0,0,0,0
3536031746,0,0,0,0,0
3536031490,0,0,0,0,0
3536031234,0,0,0,0,0
3536030978,0,0,0,0,0
3536030722,0,0,0,0,0
3536030466,0,0,0,0,0
3536030210,0,0,0,0,0
3536029954,0,0,0,0,0
3536029698,0,0,0,0,0
3536029442,0,0,0,0,0
3536029186,0,0,0,0,0
3536028930,0,0,0,0,0
3536028674,0,0,0,0,0
3536028418,0,0,0,0,0
3536028162,0,0,0,0,0
3536027906,0,0,0,0,0
3536027650,0,0,0,0,0
3535994626,0,0,0,0,0
3535994370,0,0,0,0,0
3535994114,0,0,0,0,0
3535993858,0,0,0,0,0
3535993602,0,0,0,0,0
3535993346,0,0,0,0,0
3535993090,0,0,0,0,0
3535992834,0,0,0,0,0
3535992578,0,0,0,0,0
3535992322,0,0,0,0,0
3535992066,0,0,0,0,0
3535991810,0,0,0,0,0
3535991554,0,0,0,0,0
3535991298,0,0,0,0,0
3535991042,0,0,0,0,0
3535990786,0,0,0,0,0
3535990530,0,0,0,0,0
3535990274,0,0,0,0,0
3535990018,0,0,0,0,0
3535989762,0,0,0,0,0
3535989506,0,0,0,0,0
3535989250,0,0,0,0,0
3535988994,0,0,0,0,0
3535988738,0,0,0,0,0
3535988482,0,0,0,0,0
3535988226,0,0,0,0,0
3535987970,0,0,0,0,0
3535987714,0,0,0,0,0
3535987458,0,0,0,0,0
3535987202,0,0,0,0,0
3535986946,0,0,0,0,0
3535986690,0,0,0,0,0
3535986434,0,0,0,0,0
3535986178,0,0,0,0,0
3535985922,0,0,0,0,0
3535985666,0,0,0,0,0
3535985410,0,0,0,0,0
3535985154,0,0,0,0,0
3535984898,0,0,0,0,0
3535984642,0,0,0,0,0
3535984386,0,0,0,0,0
3535984130,0,0,0,0,0
3535983874,0,0,0,0,0
3535983618,0,0,0,0,0
3535983362,0,0,0,0,0
3535983106,0,0,0,0,0
3535982850,0,0,0,0,0
3535982594,0,0,0,0,0
3535982338,0,0,0,0,0
3535982082,0,0,0,0,0
3535981826,0,0,0,0,0
3535981570,0,0,0,0,0
3535981314,0,0,0,0,0
3535981058,0,0,0,0,0
3535980802,0,0,0,0,0
3535980546,0,0,0,0,0
3535980290,0,0,0,0,0
3535980034,0,0,0,0,0
3535979778,0,0,0,0,0
3535979522,0,0,0,0,0
3535979266,0,0,0,0,0
3535979010,0,0,0,0,0
3535978754,0,0,0,0,0
3535978498,0,0,0,0,0
3535978242,0,0,0,0,0
3535977986,0,0,0,0,0
3535977730,0,0,0,0,0
3535977474,0,0,0,0,0
3535977218,0,0,0,0,0
3535976962,0,0,0,0,0
3535976706,0,0,0,0,0
3535976450,0,0,0,0,0
3535976194,0,0,0,0,0
3535975938,0,0,0,0,0
3535975682,0,0,0,0,0
3535975426,0,0,0,0,0
3535975170,0,0,0,0,0
3535974914,0,0,0,0,0
3535974658,0,0,0,0,0
3535974402,0,0,0,0,0
3535974146,0,0,0,0,0
3535973890,0,0,0,0,0
3535973634,0,0,0,0,0
3535973378,0,0,0,0,0
3535973122,0,0,0,0,0
3535972866,0,0,0,0,0
3535972610,0,0,0,0,0
3535972354,0,0,0,0,0
3535972098,0,0,0,0,0
3535971842,0,0,0,0,0
3535971586,0,0,0,0,0
3535971330,0,0,0,0,0
3535971074,0,0,0,0,0
3535970818,0,0,0,0,0
3535970562,0,0,0,0,0
3535970306,0,0,0,0,0
3535970050,0,0,0,0,0
3535969794,0,0,0,0,0
3535969538,0,0,0,0,0
3535969282,0,0,0,0,0
3535969026,0,0,0,0,0
3535968770,0,0,0,0,0
3535968514,0,0,0,0,0
3535968258,0,0,0,0,0
3535968002,0,0,0,0,0
3535967746,0,0,0,0,0
3535967490,0,0,0,0,0
3535967234,0,0,0,0,0
3535966978,0,0,0,0,0
3535966722,0,0,0,0,0
3535966466,0,0,0,0,0
3535966210,0,0,0,0,0
3535965954,0,0,0,0,0
3535965698,0,0,0,0,0
3535965442,0,0,0,0,0
3535965186,0,0,0,0,0
3535964930,0,0,0,0,0
3535964674,0,0,0,0,0
3535964418,0,0,0,0,0
3535964162,0,0,0,0,0
3535963906,0,0,0,0,0
3535963650,0,0,0,0,0
3535963394,0,0,0,0,0
3535963138,0,0,0,0,0
3535962882,0,0,0,0,0
3535962626,0,0,0,0,0
3535962370,0,0,0,0,0
3535962114,0,0,0,0,0
3535929090,0,0,0,0,0
3535928834,0,0,0,0,0
3535928578,0,0,0,0,0
3535928322,0,0,0,0,0
3535928066,0,0,0,0,0
3535927810,0,0,0,0,0
3535927554,0,0,0,0,0
3535927298,0,0,0,0,0
3535927042,0,0,0,0,0
3535926786,0,0,0,0,0
3535926530,0,0,0,0,0
3535926274,0,0,0,0,0
3535926018,0,0,0,0,0
3535925762,0,0,0,0,0
3535925506,0,0,0,0,0
3535925250,0,0,0,0,0
3535924994,0,0,0,0,0
3535924738,0,0,0,0,0
3535924482,0,0,0,0,0
3535924226,0,0,0,0,0
3535923970,0,0,0,0,0
3535923714,0,0,0,0,0
3535923458,0,0,0,0,0
3535923202,0,0,0,0,0
3535922946,0,0,0,0,0
3535922690,0,0,0,0,0
3535922434,0,0,0,0,0
3535922178,0,0,0,0,0
3535921922,0,0,0,0,0
3535921666,0,0,0,0,0
3535921410,0,0,0,0,0
3535921154,0,0,0,0,0
3535920898,0,0,0,0,0
3535920642,0,0,0,0,0
3535920386,0,0,0,0,0
3535920130,0,0,0,0,0
3535919874,0,0,0,0,0
3535919618,0,0,0,0,0
3535919362,0,0,0,0,0
3535919106,0,0,0,0,0
3535918850,0,0,0,0,0
3535918594,0,0,0,0,0
3535918338,0,0,0,0,0
3535918082,0,0,0,0,0
3535917826,0,0,0,0,0
3535917570,0,0,0,0,0
3535917314,0,0,0,0,0
3535917058,0,0,0,0,0
3535916802,0,0,0,0,0
3535916546,0,0,0,0,0
3535916290,0,0,0,0,0
3535916034,0,0,0,0,0
3535915778,0,0,0,0,0
3535915522,0,0,0,0,0
3535915266,0,0,0,0,0
3535915010,0,0,0,0,0
3535914754,0,0,0,0,0
3535914498,0,0,0,0,0
3535914242,0,0,0,0,0
3535913986,0,0,0,0,0
3535913730,0,0,0,0,0
3535913474,0,0,0,0,0
3535913218,0,0,0,0,0
3535912962,0,0,0,0,0
3535912706,0,0,0,0,0
3535912450,0,0,0,0,0
3535912194,0,0,0,0,0
3535911938,0,0,0,0,0
3535911682,0,0,0,0,0
3535911426,0,0,0,0,0
3535911170,0,0,0,0,0
3535910914,0,0,0,0,0
3535910658,0,0,0,0,0
3535910402,0,0,0,0,0
3535910146,0,0,0,0,0
3535909890,0,0,0,0,0
3535909634,0,0,0,0,0
3535909378,0,0,0,0,0
3535909122,0,0,0,0,0
3535908866,0,0,0,0,0
3535908610,0,0,0,0,0
3535908354,0,0,0,0,0
3535908098,0,0,0,0,0
3535907842,0,0,0,0,0
3535907586,0,0,0,0,0
3535907330,0,0,0,0,0
3535907074,0,0,0,0,0
3535906818,0,0,0,0,0
3535906562,0,0,0,0,0
3535906306,0,0,0,0,0
3535906050,0,0,0,0,0
3535905794,0,0,0,0,0
3535905538,0,0,0,0,0
3535905282,0,0,0,0,0
3535905026,0,0,0,0,0
3535904770,0,0,0,0,0
3535904514,0,0,0,0,0
3535904258,0,0,0,0,0
3535904002,0,0,0,0,0
3535903746,0,0,0,0,0
3535903490,0,0,0,0,0
3535903234,0,0,0,0,0
3535902978,0,0,0,0,0
3535902722,0,0,0,0,0
3535902466,0,0,0,0,0
3535902210,0,0,0,0,0
3535901954,0,0,0,0,0
3535901698,0,0,0,0,0
3535901442,0,0,0,0,0
3536249346,0,0,0,0,0
3536249090,0,0,0,0,0
3536248834,0,0,0,0,0
3536248578,0,0,0,0,0
3536248322,0,0,0,0,0
3536248066,0,0,0,0,0
3536247810,0,0,0,0,0
3536247554,0,0,0,0,0
3536247298,0,0,0,0,0
3536247042,0,0,0,0,0
3536246786,0,0,0,0,0
3536246530,0,0,0,0,0
3536246274,0,0,0,0,0
3536246018,0,0,0,0,0
3536245762,0,0,0,0,0
3536245506,0,0,0,0,0
3536245250,0,0,0,0,0
3536244994,0,0,0,0,0
3536244738,0,0,0,0,0
3536244482,0,0,0,0,0
3536244226,0,0,0,0,0
3536243970,0,0,0,0,0
3536243714,0,0,0,0,0
3536243458,0,0,0,0,0
3536243202,0,0,0,0,0
3536242946,0,0,0,0,0
3536242690,0,0,0,0,0
3536242434,0,0,0,0,0
3536242178,0,0,0,0,0
3536241922,0,0,0,0,0
3536241666,0,0,0,0,0
3536241410,0,0,0,0,0
3536241154,0,0,0,0,0
3536240898,0,0,0,0,0
3536240642,0,0,0,0,0
3536240386,0,0,0,0,0
3536240130,0,0,0,0,0
3536239874,0,0,0,0,0
3536239618,0,0,0,0,0
3536239362,0,0,0,0,0
3536239106,0,0,0,0,0
3536238850,0,0,0,0,0
3536238594,0,0,0,0,0
3536238338,0,0,0,0,0
3536238082,0,0,0,0,0
3536237826,0,0,0,0,0
3536237570,0,0,0,0,0
3536237314,0,0,0,0,0
3536237058,0,0,0,0,0
3536236802,0,0,0,0,0
3536236546,0,0,0,0,0
3536236290,0,0,0,0,0
3536236034,0,0,0,0,0
3536235778,0,0,0,0,0
3536235522,0,0,0,0,0
3536235266,0,0,0,0,0
3536235010,0,0,0,0,0
3536234754,0,0,0,0,0
3536234498,0,0,0,0,0
3536234242,0,0,0,0,0
3536233986,0,0,0,0,0
3536233730,0,0,0,0,0
3536233474,0,0,0,0,0
3536233218,0,0,0,0,0
3536232962,0,0,0,0,0
3536232706,0,0,0,0,0
3536232450,0,0,0,0,0
3536232194,0,0,0,0,0
3536231938,0,0,0,0,0
3536231682,0,0,0,0,0
3536231426,0,0,0,0,0
3536231170,0,0,0,0,0
3536230914,0,0,0,0,0
3536230658,0,0,0,0,0
3536230402,0,0,0,0,0
3536230146,0,0,0,0,0
3536229890,0,0,0,0,0
3536229634,0,0,0,0,0
3536229378,0,0,0,0,0
3536229122,0,0,0,0,0
3536228866,0,0,0,0,0
3536228610,0,0,0,0,0
3536228354,0,0,0,0,0
3536228098,0,0,0,0,0
3536227842,0,0,0,0,0
3536227586,0,0,0,0,0
3536227330,0,0,0,0,0
3536227074,0,0,0,0,0
3536226818,0,0,0,0,0
3536226562,0,0,0,0,0
3536226306,0,0,0,0,0
3536226050,0,0,0,0,0
3536225794,0,0,0,0,0
3536225538,0,0,0,0,0
3536225282,0,0,0,0,0
3536225026,0,0,0,0,0
3536224770,0,0,0,0,0
3536224514,0,0,0,0,0
3536224258,0,0,0,0,0
3536191234,0,0,0,0,0
3536190978,0,0,0,0,0
3536190722,0,0,0,0,0
3536190466,0,0,0,0,0
3536190210,0,0,0,0,0
3536189954,0,0,0,0,0
3536189698,0,0,0,0,0
3536189442,0,0,0,0,0
3536189186,0,0,0,0,0
3536188930,0,0,0,0,0
3536188674,0,0,0,0,0
3536188418,0,0,0,0,0
3536188162,0,0,0,0,0
3536187906,0,0,0,0,0
3536187650,0,0,0,0,0
3536187394,0,0,0,0,0
3536187138,0,0,0,0,0
3536186882,0,0,0,0,0
3536186626,0,0,0,0,0
3536186370,0,0,0,0,0
3536186114,0,0,0,0,0
3536185858,0,0,0,0,0
3536185602,0,0,0,0,0
3536185346,0,0,0,0,0
3536185090,0,0,0,0,0
3536184834,0,0,0,0,0
3536184578,0,0,0,0,0
3536184322,0,0,0,0,0
3536184066,0,0,0,0,0
3536183810,0,0,0,0,0
3536183554,0,0,0,0,0
3536183298,0,0,0,0,0
3536183042,0,0,0,0,0
3536182786,0,0,0,0,0
3536182530,0,0,0,0,0
3536182274,0,0,0,0,0
3536182018,0,0,0,0,0
3536181762,0,0,0,0,0
3536181506,0,0,0,0,0
3536181250,0,0,0,0,0
3536180994,0,0,0,0,0
3536180738,0,0,0,0,0
3536180482,0,0,0,0,0
3536180226,0,0,0,0,0
3536179970,0,0,0,0,0
3536179714,0,0,0,0,0
3536179458,0,0,0,0,0
3536179202,0,0,0,0,0
3536178946,0,0,0,0,0
3536178690,0,0,0,0,0
3536178434,0,0,0,0,0
3536178178,0,0,0,0,0
3536177922,0,0,0,0,0
3536177666,0,0,0,0,0
3536177410,0,0,0,0,0
3536177154,0,0,0,0,0
3536176898,0,0,0,0,0
3536176642,0,0,0,0,0
3536176386,0,0,0,0,0
3536176130,0,0,0,0,0
3536175874,0,0,0,0,0
3536175618,0,0,0,0,0
3536175362,0,0,0,0,0
3536175106,0,0,0,0,0
3536174850,0,0,0,0,0
3536174594,0,0,0,0,0
3536174338,0,0,0,0,0
3536174082,0,0,0,0,0
3536173826,0,0,0,0,0
3536173570,0,0,0,0,0
3536173314,0,0,0,0,0
3536173058,0,0,0,0,0
3536172802,0,0,0,0,0
3536172546,0,0,0,0,0
3536172290,0,0,0,0,0
3536172034,0,0,0,0,0
3536171778,0,0,0,0,0
3536171522,0,0,0,0,0
3536171266,0,0,0,0,0
3536171010,0,0,0,0,0
3536170754,0,0,0,0,0
3536170498,0,0,0,0,0
3536170242,0,0,0,0,0
3536169986,0,0,0,0,0
3536169730,0,0,0,0,0
3536169474,0,0,0,0,0
3536169218,0,0,0,0,0
3536168962,0,0,0,0,0
3536168706,0,0,0,0,0
3536168450,0,0,0,0,0
3536168194,0,0,0,0,0
3536167938,0,0,0,0,0
3536167682,0,0,0,0,0
3536167426,0,0,0,0,0
3536167170,0,0,0,0,0
3536166914,0,0,0,0,0
3536166658,0,0,0,0,0
3536166402,0,0,0,0,0
3536166146,0,0,0,0,0
3536165890,0,0,0,0,0
3536165634,0,0,0,0,0
3536165378,0,0,0,0,0
3536165122,0,0,0,0,0
3536164866,0,0,0,0,0
3536164610,0,0,0,0,0
3536164354,0,0,0,0,0
3536164098,0,0,0,0,0
3536163842,0,0,0,0,0
3536163586,0,0,0,0,0
3536163330,0,0,0,0,0
3536163074,0,0,0,0,0
3536162818,0,0,0,0,0
3536162562,0,0,0,0,0
3536162306,0,0,0,0,0
3536162050,0,0,0,0,0
3536161794,0,0,0,0,0
3536161538,0,0,0,0,0
3536161282,0,0,0,0,0
3536161026,0,0,0,0,0
3536160770,0,0,0,0,0
3536160514,0,0,0,0,0
3536160258,0,0,0,0,0
3536160002,0,0,0,0,0
3536159746,0,0,0,0,0
3536159490,0,0,0,0,0
3536159234,0,0,0,0,0
3536158978,0,0,0,0,0
3536158722,0,0,0,0,0
3536125698,0,0,0,0,0
3536125442,0,0,0,0,0
3536125186,0,0,0,0,0
3536124930,0,0,0,0,0
3536124674,0,0,0,0,0
3536124418,0,0,0,0,0
3536124162,0,0,0,0,0
3536123906,0,0,0,0,0
3536123650,0,0,0,0,0
3536123394,0,0,0,0,0
3536123138,0,0,0,0,0
3536122882,0,0,0,0,0
3536122626,0,0,0,0,0
3536122370,0,0,0,0,0
3536122114,0,0,0,0,0
3536121858,0,0,0,0,0
3536121602,0,0,0,0,0
3536121346,0,0,0,0,0
3536121090,0,0,0,0,0
3536120834,0,0,0,0,0
3536120578,0,0,0,0,0
3536120322,0,0,0,0,0
3536120066,0,0,0,0,0
3536119810,0,0,0,0,0
3536119554,0,0,0,0,0
3536119298,0,0,0,0,0
3536119042,0,0,0,0,0
3536118786,0,0,0,0,0
3536118530,0,0,0,0,0
3536118274,0,0,0,0,0
3536118018,0,0,0,0,0
3536117762,0,0,0,0,0
3536117506,0,0,0,0,0
3536117250,0,0,0,0,0
3536116994,0,0,0,0,0
3536116738,0,0,0,0,0
3536116482,0,0,0,0,0
3536116226,0,0,0,0,0
3536115970,0,0,0,0,0
3536115714,0,0,0,0,0
3536115458,0,0,0,0,0
3536115202,0,0,0,0,0
3536114946,0,0,0,0,0
3536114690,0,0,0,0,0
3536114434,0,0,0,0,0
3536114178,0,0,0,0,0
3536113922,0,0,0,0,0
3536113666,0,0,0,0,0
3536113410,0,0,0,0,0
3536113154,0,0,0,0,0
3536112898,0,0,0,0,0
3536112642,0,0,0,0,0
3536112386,0,0,0,0,0
3536112130,0,0,0,0,0
3536111874,0,0,0,0,0
3536111618,0,0,0,0,0
3536111362,0,0,0,0,0
3536111106,0,0,0,0,0
3536110850,0,0,0,0,0
3536110594,0,0,0,0,0
3536110338,0,0,0,0,0
3536110082,0,0,0,0,0
3536109826,0,0,0,0,0
3536109570,0,0,0,0,0
3536109314,0,0,0,0,0
3536109058,0,0,0,0,0
3536108802,0,0,0,0,0
3536108546,0,0,0,0,0
3536108290,0,0,0,0,0
3536108034,0,0,0,0,0
3536107778,0,0,0,0,0
3536107522,0,0,0,0,0
3536107266,0,0,0,0,0
3536107010,0,0,0,0,0
3536106754,0,0,0,0,0
3536106498,0,0,0,0,0
3536106242,0,0,0,0,0
3536105986,0,0,0,0,0
3536105730,0,0,0,0,0
3536105474,0,0,0,0,0
3536105218,0,0,0,0,0
3536104962,0,0,0,0,0
3536104706,0,0,0,0,0
3536104450,0,0,0,0,0
3536104194,0,0,0,0,0
3536103938,0,0,0,0,0
3536103682,0,0,0,0,0
3536103426,0,0,0,0,0
3536103170,0,0,0,0,0
3536102914,0,0,0,0,0
3536102658,0,0,0,0,0
3536102402,0,0,0,0,0
3536102146,0,0,0,0,0
3536101890,0,0,0,0,0
3536101634,0,0,0,0,0
3536101378,0,0,0,0,0
3536101122,0,0,0,0,0
3536100866,0,0,0,0,0
3536100610,0,0,0,0,0
3536100354,0,0,0,0,0
3536100098,0,0,0,0,0
3536099842,0,0,0,0,0
3536099586,0,0,0,0,0
3536099330,0,0,0,0,0
3536099074,0,0,0,0,0
3536098818,0,0,0,0,0
3536098562,0,0,0,0,0
3536098306,0,0,0,0,0
3536098050,0,0,0,0,0
3536097794,0,0,0,0,0
3536097538,0,0,0,0,0
3536097282,0,0,0,0,0
3536097026,0,0,0,0,0
3536096770,0,0,0,0,0
3536096514,0,0,0,0,0
3536096258,0,0,0,0,0
3536096002,0,0,0,0,0
3536095746,0,0,0,0,0
3536095490,0,0,0,0,0
3536095234,0,0,0,0,0
3536094978,0,0,0,0,0
3536094722,0,0,0,0,0
3536094466,0,0,0,0,0
3536094210,0,0,0,0,0
3536093954,0,0,0,0,0
3536093698,0,0,0,0,0
3536093442,0,0,0,0,0
3536093186,0,0,0,0,0
3536060162,0,0,0,0,0
3536059906,0,0,0,0,0
3536059650,0,0,0,0,0
3536059394,0,0,0,0,0
3536059138,0,0,0,0,0
3536058882,0,0,0,0,0
3536058626,0,0,0,0,0
3536058370,0,0,0,0,0
3536058114,0,0,0,0,0
3536057858,0,0,0,0,0
3536057602,0,0,0,0,0
3536057346,0,0,0,0,0
3536057090,0,0,0,0,0
3536056834,0,0,0,0,0
3536056578,0,0,0,0,0
3536056322,0,0,0,0,0
3536056066,0,0,0,0,0
3536055810,0,0,0,0,0
3536055554,0,0,0,0,0
3536055298,0,0,0,0,0
3536055042,0,0,0,0,0
3536054786,0,0,0,0,0
3536054530,0,0,0,0,0
3536054274,0,0,0,0,0
3536054018,0,0,0,0,0
3536053762,0,0,0,0,0
3536053506,0,0,0,0,0
3536053250,0,0,0,0,0
3536052994,0,0,0,0,0
3536052738,0,0,0,0,0
3536052482,0,0,0,0,0
3536052226,0,0,0,0,0
3536051970,0,0,0,0,0
3536051714,0,0,0,0,0
3536051458,0,0,0,0,0
3536051202,0,0,0,0,0
3536050946,0,0,0,0,0
3536050690,0,0,0,0,0
3536050434,0,0,0,0,0
3536050178,0,0,0,0,0
3536049922,0,0,0,0,0
3536049666,0,0,0,0,0
3536049410,0,0,0,0,0
3536049154,0,0,0,0,0
3536048898,0,0,0,0,0
3536048642,0,0,0,0,0
3536048386,0,0,0,0,0
3536048130,0,0,0,0,0
3536047874,0,0,0,0,0
3536047618,0,0,0,0,0
3536047362,0,0,0,0,0
3536047106,0,0,0,0,0
3536046850,0,0,0,0,0
3536046594,0,0,0,0,0
3536046338,0,0,0,0,0
3536046082,0,0,0,0,0
3536045826,0,0,0,0,0
3536045570,0,0,0,0,0
3536045314,0,0,0,0,0
3536045058,0,0,0,0,0
3536044802,0,0,0,0,0
3536044546,0,0,0,0,0
3536044290,0,0,0,0,0
3536044034,0,0,0,0,0
3536043778,0,0,0,0,0
3536043522,0,0,0,0,0
3536043266,0,0,0,0,0
3536043010,0,0,0,0,0
3536042754,0,0,0,0,0
3536042498,0,0,0,0,0
3536042242,0,0,0,0,0
3536041986,0,0,0,0,0
3536041730,0,0,0,0,0
3536041474,0,0,0,0,0
3536041218,0,0,0,0,0
3536040962,0,0,0,0,0
3536040706,0,0,0,0,0
3536040450,0,0,0,0,0
3536040194,0,0,0,0,0
3536039938,0,0,0,0,0
3536039682,0,0,0,0,0
3536039426,0,0,0,0,0
3536039170,0,0,0,0,0
3536038914,0,0,0,0,0
3536038658,0,0,0,0,0
3536038402,0,0,0,0,0
3536038146,0,0,0,0,0
3536037890,0,0,0,0,0
3536037634,0,0,0,0,0
3536037378,0,0,0,0,0
3536037122,0,0,0,0,0
3536036866,0,0,0,0,0
3536036610,0,0,0,0,0
3536036354,0,0,0,0,0
3536036098,0,0,0,0,0
3536035842,0,0,0,0,0
3536035586,0,0,0,0,0
3536035330,0,0,0,0,0
3536035074,0,0,0,0,0
3536034818,0,0,0,0,0
3536034562,0,0,0,0,0
3536034306,0,0,0,0,0
3536034050,0,0,0,0,0
3536033794,0,0,0,0,0
3536033538,0,0,0,0,0
3536033282,0,0,0,0,0
3536033026,0,0,0,0,0
3536032770,0,0,0,0,0
3536032514,0,0,0,0,0
3536032258,0,0,0,0,0
3536032002,0,0,0,0,0
3536031746,0,0,0,0,0
3536031490,0,0,0,0,0
3536031234,0,0,0,0,0
3536030978,0,0,0,0,0
3536030722,0,0,0,0,0
3536030466,0,0,0,0,0
3536030210,0,0,0,0,0
3536029954,0,0,0,0,0
3536029698,0,0,0,0,0
3536029442,0,0,0,0,0
3536029186,0,0,0,0,0
3536028930,0,0,0,0,0
3536028674,0,0,0,0,0
3536028418,0,0,0,0,0
3536028162,0,0,0,0,0
3536027906,0,0,0,0,0
3536027650,0,0,0,0,0
3535994626,0,0,0,0,0
3535994370,0,0,0,0,0
3535994114,0,0,0,0,0
3535993858,0,0,0,0,0
3535993602,0,0,0,0,0
3535993346,0,0,0,0,0
3535993090,0,0,0,0,0
3535992834,0,0,0,0,0
3535992578,0,0,0,0,0
3535992322,0,0,0,0,0
3535992066,0,0,0,0,0
3535991810,0,0,0,0,0
3535991554,0,0,0,0,0
3535991298,0,0,0,0,0
3535991042,0,0,0,0,0
3535990786,0,0,0,0,0
3535990530,0,0,0,0,0
3535990274,0,0,0,0,0
3535990018,0,0,0,0,0
3535989762,0,0,0,0,0
3535989506,0,0,0,0,0
3535989250,0,0,0,0,0
3535988994,0,0,0,0,0
3535988738,0,0,0,0,0
3535988482,0,0,0,0,0
3535988226,0,0,0,0,0
3535987970,0,0,0,0,0
3535987714,0,0,0,0,0
3535987458,0,0,0,0,0
3535987202,0,0,0,0,0
3535986946,0,0,0,0,0
3535986690,0,0,0,0,0
3535986434,0,0,0,0,0
3535986178,0,0,0,0,0
3535985922,0,0,0,0,0
3535985666,0,0,0,0,0
3535985410,0,0,0,0,0
3535985154,0,0,0,0,0
3535984898,0,0,0,0,0
3535984642,0,0,0,0,0
3535984386,0,0,0,0,0
3535984130,0,0,0,0,0
3535983874,0,0,0,0,0
3535983618,0,0,0,0,0
3535983362,0,0,0,0,0
3535983106,0,0,0,0,0
3535982850,0,0,0,0,0
3535982594,0,0,0,0,0
3535982338,0,0,0,0,0
3535982082,0,0,0,0,0
3535981826,0,0,0,0,0
3535981570,0,0,0,0,0
3535981314,0,0,0,0,0
3535981058,0,0,0,0,0
3535980802,0,0,0,0,0
3535980546,0,0,0,0,0
3535980290,0,0,0,0,0
3535980034,0,0,0,0,0
3535979778,0,0,0,0,0
3535979522,0,0,0,0,0
3535979266,0,0,0,0,0
3535979010,0,0,0,0,0
3535978754,0,0,0,0,0
3535978498,0,0,0,0,0
3535978242,0,0,0,0,0
3535977986,0,0,0,0,0
3535977730,0,0,0,0,0
3535977474,0,0,0,0,0
3535977218,0,0,0,0,0
3535976962,0,0,0,0,0
3535976706,0,0,0,0,0
3535976450,0,0,0,0,0
3535976194,0,0,0,0,0
3535975938,0,0,0,0,0
3535975682,0,0,0,0,0
3535975426,0,0,0,0,0
3535975170,0,0,0,0,0
3535974914,0,0,0,0,0
3535974658,0,0,0,0,0
3535974402,0,0,0,0,0
3535974146,0,0,0,0,0
3535973890,0,0,0,0,0
3535973634,0,0,0,0,0
3535973378,0,0,0,0,0
3535973122,0,0,0,0,0
3535972866,0,0,0,0,0
3535972610,0,0,0,0,0
3535972354,0,0,0,0,0
3535972098,0,0,0,0,0
3535971842,0,0,0,0,0
3535971586,0,0,0,0,0
3535971330,0,0,0,0,0
3535971074,0,0,0,0,0
3535970818,0,0,0,0,0
3535970562,0,0,0,0,0
3535970306,0,0,0,0,0
3535970050,0,0,0,0,0
3535969794,0,0,0,0,0
3535969538,0,0,0,0,0
3535969282,0,0,0,0,0
3535969026,0,0,0,0,0
3535968770,0,0,0,0,0
3535968514,0,0,0,0,0
3535968258,0,0,0,0,0
3535968002,0,0,0,0,0
3535967746,0,0,0,0,0
3535967490,0,0,0,0,0
3535967234,0,0,0,0,0
3535966978,0,0,0,0,0
3535966722,0,0,0,0,0
3535966466,0,0,0,0,0
3535966210,0,0,0,0,0
3535965954,0,0,0,0,0
3535965698,0,0,0,0,0
3535965442,0,0,0,0,0
3535965186,0,0,0,0,0
3535964930,0,0,0,0,0
3535964674,0,0,0,0,0
3535964418,0,0,0,0,0
3535964162,0,0,0,0,0
3535963906,0,0,0,0,0
3535963650,0,0,0,0,0
3535963394,0,0,0,0,0
3535963138,0,0,0,0,0
3535962882,0,0,0,0,0
3535962626,0,0,0,0,0
3535962370,0,0,0,0,0
3535962114,0,0,0,0,0
3535929090,0,0,0,0,0
3535928834,0,0,0,0,0
3535928578,0,0,0,0,0
3535928322,0,0,0,0,0
3535928066,0,0,0,0,0
3535927810,0,0,0,0,0
3535927554,0,0,0,0,0
3535927298,0,0,0,0,0
3535927042,0,0,0,0,0
3535926786,0,0,0,0,0
3535926530,0,0,0,0,0
3535926274,0,0,0,0,0
3535926018,0,0,0,0,0
3535925762,0,0,0,0,0
3535925506,0,0,0,0,0
3535925250,0,0,0,0,0
3535924994,0,0,0,0,0
3535924738,0,0,0,0,0
3535924482,0,0,0,0,0
3535924226,0,0,0,0,0
3535923970,0,0,0,0,0
3535923714,0,0,0,0,0
3535923458,0,0,0,0,0
3535923202,0,0,0,0,0
3535922946,0,0,0,0,0
3535922690,0,0,0,0,0
3535922434,0,0,0,0,0
3535922178,0,0,0,0,0
3535921922,0,0,0,0,0
3535921666,0,0,0,0,0
3535921410,0,0,0,0,0
3535921154,0,0,0,0,0
3535920898,0,0,0,0,0
3535920642,0,0,0,0,0
3535920386,0,0,0,0,0
3535920130,0,0,0,0,0
3535919874,0,0,0,0,0
3535919618,0,0,0,0,0
3535919362,0,0,0,0,0
3535919106,0,0,0,0,0
3535918850,0,0,0,0,0
3535918594,0,0,0,0,0
3535918338,0,0,0,0,0
3535918082,0,0,0,0,0
3535917826,0,0,0,0,0
3535917570,0,0,0,0,0
3535917314,0,0,0,0,0
3535917058,0,0,0,0,0
3535916802,0,0,0,0,0
3535916546,0,0,0,0,0
3535916290,0,0,0,0,0
3535916034,0,0,0,0,0
3535915778,0,0,0,0,0
3535915522,0,0,0,0,0
3535915266,0,0,0,0,0
3535915010,0,0,0,0,0
3535914754,0,0,0,0,0
3535914498,0,0,0,0,0
3535914242,0,0,0,0,0
3535913986,0,0,0,0,0
3535913730,0,0,0,0,0
3535913474,0,0,0,0,0
3535913218,0,0,0,0,0
3535912962,0,0,0,0,0
3535912706,0,0,0,0,0
3535912450,0,0,0,0,0
3535912194,0,0,0,0,0
3535911938,0,0,0,0,0
3535911682,0,0,0,0,0
3535911426,0,0,0,0,0
3535911170,0,0,0,0,0
3535910914,0,0,0,0,0
3535910658,0,0,0,0,0
3535910402,0,0,0,0,0
3535910146,0,0,0,0,0
3535909890,0,0,0,0,0
3535909634,0,0,0,0,0
3535909378,0,0,0,0,0
3535909122,0,0,0,0,0
3535908866,0,0,0,0,0
3535908610,0,0,0,0,0
3535908354,0,0,0,0,0
3535908098,0,0,0,0,0
3535907842,0,0,0,0,0
3535907586,0,0,0,0,0
3535907330,0,0,0,0,0
3535907074,0,0,0,0,0
3535906818,0,0,0,0,0
3535906562,0,0,0,0,0
3535906306,0,0,0,0,0
3535906050,0,0,0,0,0
3535905794,0,0,0,0,0
3535905538,0,0,0,0,0
3535905282,0,0,0,0,0
3535905026,0,0,0,0,0
3535904770,0,0,0,0,0
3535904514,0,0,0,0,0
3535904258,0,0,0,0,0
3535904002,0,0,0,0,0
3535903746,0,0,0,0,0
3535903490,0,0,0,0,0
3535903234,0,0,0,0,0
3535902978,0,0,0,0,0
3535902722,0,0,0,0,0
3535902466,0,0,0,0,0
3535902210,0,0,0,0,0
3535901954,0,0,0,0,0
3535901698,0,0,0,0,0
3535901442,0,0,0,0,0
3536379394,0,0,0,0,0
3536379138,0,0,0,0,0
3536378882,0,0,0,0,0
3536378626,0,0,0,0,0
3536378370,0,0,0,0,0
3536378114,0,0,0,0,0
3536377858,0,0,0,0,0
3536377602,0,0,0,0,0
3536377346,0,0,0,0,0
3536377090,0,0,0,0,0
3536376834,0,0,0,0,0
3536376578,0,0,0,0,0
3536376322,0,0,0,0,0
3536376066,0,0,0,0,0
3536375810,0,0,0,0,0
3536375554,0,0,0,0,0
3536375298,0,0,0,0,0
3536375042,0,0,0,0,0
3536374786,0,0,0,0,0
3536374530,0,0,0,0,0
3536374274,0,0,0,0,0
3536374018,0,0,0,0,0
3536373762,0,0,0,0,0
3536373506,0,0,0,0,0
3536373250,0,0,0,0,0
3536372994,0,0,0,0,0
3536372738,0,0,0,0,0
3536372482,0,0,0,0,0
3536372226,0,0,0,0,0
3536371970,0,0,0,0,0
3536371714,0,0,0,0,0
3536371458,0,0,0,0,0
3536371202,0,0,0,0,0
3536370946,0,0,0,0,0
3536370690,0,0,0,0,0
3536370434,0,0,0,0,0
3536370178,0,0,0,0,0
3536369922,0,0,0,0,0
3536369666,0,0,0,0,0
3536369410,0,0,0,0,0
3536369154,0,0,0,0,0
3536368898,0,0,0,0,0
3536368642,0,0,0,0,0
3536368386,0,0,0,0,0
3536368130,0,0,0,0,0
3536367874,0,0,0,0,0
3536367618,0,0,0,0,0
3536367362,0,0,0,0,0
3536367106,0,0,0,0,0
3536366850,0,0,0,0,0
3536366594,0,0,0,0,0
3536366338,0,0,0,0,0
3536366082,0,0,0,0,0
3536365826,0,0,0,0,0
3536365570,0,0,0,0,0
3536365314,0,0,0,0,0
3536365058,0,0,0,0,0
3536364802,0,0,0,0,0
3536364546,0,0,0,0,0
3536364290,0,0,0,0,0
3536364034,0,0,0,0,0
3536363778,0,0,0,0,0
3536363522,0,0,0,0,0
3536363266,0,0,0,0,0
3536363010,0,0,0,0,0
3536362754,0,0,0,0,0
3536362498,0,0,0,0,0
3536362242,0,0,0,0,0
3536361986,0,0,0,0,0
3536361730,0,0,0,0,0
3536361474,0,0,0,0,0
3536361218,0,0,0,0,0
3536360962,0,0,0,0,0
3536360706,0,0,0,0,0
3536360450,0,0,0,0,0
3536360194,0,0,0,0,0
3536359938,0,0,0,0,0
3536359682,0,0,0,0,0
3536359426,0,0,0,0,0
3536359170,0,0,0,0,0
3536358914,0,0,0,0,0
3536358658,0,0,0,0,0
3536358402,0,0,0,0,0
3536358146,0,0,0,0,0
3536357890,0,0,0,0,0
3536357634,0,0,0,0,0
3536357378,0,0,0,0,0
3536357122,0,0,0,0,0
3536356866,0,0,0,0,0
3536356610,0,0,0,0,0
3536356354,0,0,0,0,0
3536356098,0,0,0,0,0
3536355842,0,0,0,0,0
3536355586,0,0,0,0,0
3536355330,0,0,0,0,0
3536322306,0,0,0,0,0
3536322050,0,0,0,0,0
3536321794,0,0,0,0,0
3536321538,0,0,0,0,0
3536321282,0,0,0,0,0
3536321026,0,0,0,0,0
3536320770,0,0,0,0,0
3536320514,0,0,0,0,0
3536320258,0,0,0,0,0
3536320002,0,0,0,0,0
3536319746,0,0,0,0,0
3536319490,0,0,0,0,0
3536319234,0,0,0,0,0
3536318978,0,0,0,0,0
3536318722,0,0,0,0,0
3536318466,0,0,0,0,0
3536318210,0,0,0,0,0
3536317954,0,0,0,0,0
3536317698,0,0,0,0,0
3536317442,0,0,0,0,0
3536317186,0,0,0,0,0
3536316930,0,0,0,0,0
3536316674,0,0,0,0,0
3536316418,0,0,0,0,0
3536316162,0,0,0,0,0
3536315906,0,0,0,0,0
3536315650,0,0,0,0,0
3536315394,0,0,0,0,0
3536315138,0,0,0,0,0
3536314882,0,0,0,0,0
3536314626,0,0,0,0,0
3536314370,0,0,0,0,0
3536314114,0,0,0,0,0
3536313858,0,0,0,0,0
3536313602,0,0,0,0,0
3536313346,0,0,0,0,0
3536313090,0,0,0,0,0
3536312834,0,0,0,0,0
3536312578,0,0,0,0,0
3536312322,0,0,0,0,0
3536312066,0,0,0,0,0
3536311810,0,0,0,0,0
3536311554,0,0,0,0,0
3536311298,0,0,0,0,0
3536311042,0,0,0,0,0
3536310786,0,0,0,0,0
3536310530,0,0,0,0,0
3536310274,0,0,0,0,0
3536310018,0,0,0,0,0
3536309762,0,0,0,0,0
3536309506,0,0,0,0,0
3536309250,0,0,0,0,0
3536308994,0,0,0,0,0
3536308738,0,0,0,0,0
3536308482,0,0,0,0,0
3536308226,0,0,0,0,0
3536307970,0,0,0,0,0
3536307714,0,0,0,0,0
3536307458,0,0,0,0,0
3536307202,0,0,0,0,0
3536306946,0,0,0,0,0
3536306690,0,0,0,0,0
3536306434,0,0,0,0,0
3536306178,0,0,0,0,0
3536305922,0,0,0,0,0
3536305666,0,0,0,0,0
3536305410,0,0,0,0,0
3536305154,0,0,0,0,0
3536304898,0,0,0,0,0
3536304642,0,0,0,0,0
3536304386,0,0,0,0,0
3536304130,0,0,0,0,0
3536303874,0,0,0,0,0
3536303618,0,0,0,0,0
3536303362,0,0,0,0,0
3536303106,0,0,0,0,0
3536302850,0,0,0,0,0
3536302594,0,0,0,0,0
3536302338,0,0,0,0,0
3536302082,0,0,0,0,0
3536301826,0,0,0,0,0
3536301570,0,0,0,0,0
3536301314,0,0,0,0,0
3536301058,0,0,0,0,0
3536300802,0,0,0,0,0
3536300546,0,0,0,0,0
3536300290,0,0,0,0,0
3536300034,0,0,0,0,0
3536299778,0,0,0,0,0
3536299522,0,0,0,0,0
3536299266,0,0,0,0,0
3536299010,0,0,0,0,0
3536298754,0,0,0,0,0
3536298498,0,0,0,0,0
3536298242,0,0,0,0,0
3536297986,0,0,0,0,0
3536297730,0,0,0,0,0
3536297474,0,0,0,0,0
3536297218,0,0,0,0,0
3536296962,0,0,0,0,0
3536296706,0,0,0,0,0
3536296450,0,0,0,0,0
3536296194,0,0,0,0,0
3536295938,0,0,0,0,0
3536295682,0,0,0,0,0
3536295426,0,0,0,0,0
3536295170,0,0,0,0,0
3536294914,0,0,0,0,0
3536294658,0,0,0,0,0
3536294402,0,0,0,0,0
3536294146,0,0,0,0,0
3536293890,0,0,0,0,0
3536293634,0,0,0,0,0
3536293378,0,0,0,0,0
3536293122,0,0,0,0,0
3536292866,0,0,0,0,0
3536292610,0,0,0,0,0
3536292354,0,0,0,0,0
3536292098,0,0,0,0,0
3536291842,0,0,0,0,0
3536291586,0,0,0,0,0
3536291330,0,0,0,0,0
3536291074,0,0,0,0,0
3536290818,0,0,0,0,0
3536290562,0,0,0,0,0
3536290306,0,0,0,0,0
3536290050,0,0,0,0,0
3536289794,0,0,0,0,0
3536256770,0,0,0,0,0
3536256514,0,0,0,0,0
3536256258,0,0,0,0,0
3536256002,0,0,0,0,0
3536255746,0,0,0,0,0
3536255490,0,0,0,0,0
3536255234,0,0,0,0,0
3536254978,0,0,0,0,0
3536254722,0,0,0,0,0
3536254466,0,0,0,0,0
3536254210,0,0,0,0,0
3536253954,0,0,0,0,0
3536253698,0,0,0,0,0
3536253442,0,0,0,0,0
3536253186,0,0,0,0,0
3536252930,0,0,0,0,0
3536252674,0,0,0,0,0
3536252418,0,0,0,0,0
3536252162,0,0,0,0,0
3536251906,0,0,0,0,0
3536251650,0,0,0,0,0
3536251394,0,0,0,0,0
3536251138,0,0,0,0,0
3536250882,0,0,0,0,0
3536250626,0,0,0,0,0
3536250370,0,0,0,0,0
3536250114,0,0,0,0,0
3536249858,0,0,0,0,0
3536249602,0,0,0,0,0
3536379394,0,0,0,0,0
3536379138,0,0,0,0,0
3536378882,0,0,0,0,0
3536378626,0,0,0,0,0
3536378370,0,0,0,0,0
3536378114,0,0,0,0,0
3536377858,0,0,0,0,0
3536377602,0,0,0,0,0
3536377346,0,0,0,0,0
3536377090,0,0,0,0,0
3536376834,0,0,0,0,0
3536376578,0,0,0,0,0
3536376322,0,0,0,0,0
3536376066,0,0,0,0,0
3536375810,0,0,0,0,0
3536375554,0,0,0,0,0
3536375298,0,0,0,0,0
3536375042,0,0,0,0,0
3536374786,0,0,0,0,0
3536374530,0,0,0,0,0
3536374274,0,0,0,0,0
3536374018,0,0,0,0,0
3536373762,0,0,0,0,0
3536373506,0,0,0,0,0
3536373250,0,0,0,0,0
3536372994,0,0,0,0,0
3536372738,0,0,0,0,0
3536372482,0,0,0,0,0
3536372226,0,0,0,0,0
3536371970,0,0,0,0,0
3536371714,0,0,0,0,0
3536371458,0,0,0,0,0
3536371202,0,0,0,0,0
3536370946,0,0,0,0,0
3536370690,0,0,0,0,0
3536370434,0,0,0,0,0
3536370178,0,0,0,0,0
3536369922,0,0,0,0,0
3536369666,0,0,0,0,0
3536369410,0,0,0,0,0
3536369154,0,0,0,0,0
3536368898,0,0,0,0,0
3536368642,0,0,0,0,0
3536368386,0,0,0,0,0
3536368130,0,0,0,0,0
3536367874,0,0,0,0,0
3536367618,0,0,0,0,0
3536367362,0,0,0,0,0
3536367106,0,0,0,0,0
3536366850,0,0,0,0,0
3536366594,0,0,0,0,0
3536366338,0,0,0,0,0
3536366082,0,0,0,0,0
3536365826,0,0,0,0,0
3536365570,0,0,0,0,0
3536365314,0,0,0,0,0
3536365058,0,0,0,0,0
3536364802,0,0,0,0,0
3536364546,0,0,0,0,0
3536364290,0,0,0,0,0
3536364034,0,0,0,0,0
3536363778,0,0,0,0,0
3536363522,0,0,0,0,0
3536363266,0,0,0,0,0
3536363010,0,0,0,0,0
3536362754,0,0,0,0,0
3536362498,0,0,0,0,0
3536362242,0,0,0,0,0
3536361986,0,0,0,0,0
3536361730,0,0,0,0,0
3536361474,0,0,0,0,0
3536361218,0,0,0,0,0
3536360962,0,0,0,0,0
3536360706,0,0,0,0,0
3536360450,0,0,0,0,0
3536360194,0,0,0,0,0
3536359938,0,0,0,0,0
3536359682,0,0,0,0,0
3536359426,0,0,0,0,0
3536359170,0,0,0,0,0
3536358914,0,0,0,0,0
3536358658,0,0,0,0,0
3536358402,0,0,0,0,0
3536358146,0,0,0,0,0
3536357890,0,0,0,0,0
3536357634,0,0,0,0,0
3536357378,0,0,0,0,0
3536357122,0,0,0,0,0
3536356866,0,0,0,0,0
3536356610,0,0,0,0,0
3536356354,0,0,0,0,0
3536356098,0,0,0,0,0
3536355842,0,0,0,0,0
3536355586,0,0,0,0,0
3536355330,0,0,0,0,0
3536322306,0,0,0,0,0
3536322050,0,0,0,0,0
3536321794,0,0,0,0,0
3536321538,0,0,0,0,0
3536321282,0,0,0,0,0
3536321026,0,0,0,0,0
3536320770,0,0,0,0,0
3536320514,0,0,0,0,0
3536320258,0,0,0,0,0
3536320002,0,0,0,0,0
3536319746,0,0,0,0,0
3536319490,0,0,0,0,0
3536319234,0,0,0,0,0
3536318978,0,0,0,0,0
3536318722,0,0,0,0,0
3536318466,0,0,0,0,0
3536318210,0,0,0,0,0
3536317954,0,0,0,0,0
3536317698,0,0,0,0,0
3536317442,0,0,0,0,0
3536317186,0,0,0,0,0
3536316930,0,0,0,0,0
3536316674,0,0,0,0,0
3536316418,0,0,0,0,0
3536316162,0,0,0,0,0
3536315906,0,0,0,0,0
3536315650,0,0,0,0,0
3536315394,0,0,0,0,0
3536315138,0,0,0,0,0
3536314882,0,0,0,0,0
3536314626,0,0,0,0,0
3536314370,0,0,0,0,0
3536314114,0,0,0,0,0
3536313858,0,0,0,0,0
3536313602,0,0,0,0,0
3536313346,0,0,0,0,0
3536313090,0,0,0,0,0
3536312834,0,0,0,0,0
3536312578,0,0,0,0,0
3536312322,0,0,0,0,0
3536312066,0,0,0,0,0
3536311810,0,0,0,0,0
3536311554,0,0,0,0,0
3536311298,0,0,0,0,0
3536311042,0,0,0,0,0
3536310786,0,0,0,0,0
3536310530,0,0,0,0,0
3536310274,0,0,0,0,0
3536310018,0,0,0,0,0
3536309762,0,0,0,0,0
3536309506,0,0,0,0,0
3536309250,0,0,0,0,0
3536308994,0,0,0,0,0
3536308738,0,0,0,0,0
3536308482,0,0,0,0,0
3536308226,0,0,0,0,0
3536307970,0,0,0,0,0
3536307714,0,0,0,0,0
3536307458,0,0,0,0,0
3536307202,0,0,0,0,0
3536306946,0,0,0,0,0
3536306690,0,0,0,0,0
3536306434,0,0,0,0,0
3536306178,0,0,0,0,0
3536305922,0,0,0,0,0
3536305666,0,0,0,0,0
3536305410,0,0,0,0,0
3536305154,0,0,0,0,0
3536304898,0,0,0,0,0
3536304642,0,0,0,0,0
3536304386,0,0,0,0,0
3536304130,0,0,0,0,0
3536303874,0,0,0,0,0
3536303618,0,0,0,0,0
3536303362,0,0,0,0,0
3536303106,0,0,0,0,0
3536302850,0,0,0,0,0
3536302594,0,0,0,0,0
3536302338,0,0,0,0,0
3536302082,0,0,0,0,0
3536301826,0,0,0,0,0
3536301570,0,0,0,0,0
3536301314,0,0,0,0,0
3536301058,0,0,0,0,0
3536300802,0,0,0,0,0
3536300546,0,0,0,0,0
3536300290,0,0,0,0,0
3536300034,0,0,0,0,0
3536299778,0,0,0,0,0
3536299522,0,0,0,0,0
3536299266,0,0,0,0,0
3536299010,0,0,0,0,0
3536298754,0,0,0,0,0
3536298498,0,0,0,0,0
3536298242,0,0,0,0,0
3536297986,0,0,0,0,0
3536297730,0,0,0,0,0
3536297474,0,0,0,0,0
3536297218,0,0,0,0,0
3536296962,0,0,0,0,0
3536296706,0,0,0,0,0
3536296450,0,0,0,0,0
3536296194,0,0,0,0,0
3536295938,0,0,0,0,0
3536295682,0,0,0,0,0
3536295426,0,0,0,0,0
3536295170,0,0,0,0,0
3536294914,0,0,0,0,0
3536294658,0,0,0,0,0
3536294402,0,0,0,0,0
3536294146,0,0,0,0,0
3536293890,0,0,0,0,0
3536293634,0,0,0,0,0
3536293378,0,0,0,0,0
3536293122,0,0,0,0,0
3536292866,0,0,0,0,0
3536292610,0,0,0,0,0
3536292354,0,0,0,0,0
3536292098,0,0,0,0,0
3536291842,0,0,0,0,0
3536291586,0,0,0,0,0
3536291330,0,0,0,0,0
3536291074,0,0,0,0,0
3536290818,0,0,0,0,0
3536290562,0,0,0,0,0
3536290306,0,0,0,0,0
3536290050,0,0,0,0,0
3536289794,0,0,0,0,0
3536256770,0,0,0,0,0
3536256514,0,0,0,0,0
3536256258,0,0,0,0,0
3536256002,0,0,0,0,0
3536255746,0,0,0,0,0
3536255490,0,0,0,0,0
3536255234,0,0,0,0,0
3536254978,0,0,0,0,0
3536254722,0,0,0,0,0
3536254466,0,0,0,0,0
3536254210,0,0,0,0,0
3536253954,0,0,0,0,0
3536253698,0,0,0,0,0
3536253442,0,0,0,0,0
3536253186,0,0,0,0,0
3536252930,0,0,0,0,0
3536252674,0,0,0,0,0
3536252418,0,0,0,0,0
3536252162,0,0,0,0,0
3536251906,0,0,0,0,0
3536251650,0,0,0,0,0
3536251394,0,0,0,0,0
3536251138,0,0,0,0,0
3536250882,0,0,0,0,0
3536250626,0,0,0,0,0
3536250370,0,0,0,0,0
3536250114,0,0,0,0,0
3536249858,0,0,0,0,0
3536249602,0,0,0,0,0
3536421122,0,0,0,0,0
3536420866,0,0,0,0,0
3536387842,0,0,0,0,0
3536387586,0,0,0,0,0
3536387330,0,0,0,0,0
3536387074,0,0,0,0,0
3536386818,0,0,0,0,0
3536386562,0,0,0,0,0
3536386306,0,0,0,0,0
3536386050,0,0,0,0,0
3536385794,0,0,0,0,0
3536385538,0,0,0,0,0
3536385282,0,0,0,0,0
3536385026,0,0,0,0,0
3536384770,0,0,0,0,0
3536384514,0,0,0,0,0
3536384258,0,0,0,0,0
3536384002,0,0,0,0,0
3536383746,0,0,0,0,0
3536383490,0,0,0,0,0
3536383234,0,0,0,0,0
3536382978,0,0,0,0,0
3536382722,0,0,0,0,0
3536382466,0,0,0,0,0
3536382210,0,0,0,0,0
3536381954,0,0,0,0,0
3536381698,0,0,0,0,0
3536381442,0,0,0,0,0
3536381186,0,0,0,0,0
3536380930,0,0,0,0,0
3536380674,0,0,0,0,0
3536380418,0,0,0,0,0
3536380162,0,0,0,0,0
3536379906,0,0,0,0,0
3536379650,0,0,0,0,0
3536421122,0,0,0,0,0
3536420866,0,0,0,0,0
3536387842,0,0,0,0,0
3536387586,0,0,0,0,0
3536387330,0,0,0,0,0
3536387074,0,0,0,0,0
3536386818,0,0,0,0,0
3536386562,0,0,0,0,0
3536386306,0,0,0,0,0
3536386050,0,0,0,0,0
3536385794,0,0,0,0,0
3536385538,0,0,0,0,0
3536385282,0,0,0,0,0
3536385026,0,0,0,0,0
3536384770,0,0,0,0,0
3536384514,0,0,0,0,0
3536384258,0,0,0,0,0
3536384002,0,0,0,0,0
3536383746,0,0,0,0,0
3536383490,0,0,0,0,0
3536383234,0,0,0,0,0
3536382978,0,0,0,0,0
3536382722,0,0,0,0,0
3536382466,0,0,0,0,0
3536382210,0,0,0,0,0
3536381954,0,0,0,0,0
3536381698,0,0,0,0,0
3536381442,0,0,0,0,0
3536381186,0,0,0,0,0
3536380930,0,0,0,0,0
3536380674,0,0,0,0,0
3536380418,0,0,0,0,0
3536380162,0,0,0,0,0
3536379906,0,0,0,0,0
3536379650,0,0,0,0,0
3536430082,0,0,0,0,0
3536429826,0,0,0,0,0
3536429570,0,0,0,0,0
3536429314,0,0,0,0,0
3536429058,0,0,0,0,0
3536428802,0,0,0,0,0
3536428546,0,0,0,0,0
3536428290,0,0,0,0,0
3536428034,0,0,0,0,0
3536427778,0,0,0,0,0
3536427522,0,0,0,0,0
3536427266,0,0,0,0,0
3536427010,0,0,0,0,0
3536426754,0,0,0,0,0
3536426498,0,0,0,0,0
3536426242,0,0,0,0,0
3536425986,0,0,0,0,0
3536425730,0,0,0,0,0
3536425474,0,0,0,0,0
3536425218,0,0,0,0,0
3536424962,0,0,0,0,0
3536424706,0,0,0,0,0
3536424450,0,0,0,0,0
3536424194,0,0,0,0,0
3536423938,0,0,0,0,0
3536423682,0,0,0,0,0
3536423426,0,0,0,0,0
3536423170,0,0,0,0,0
3536422914,0,0,0,0,0
3536422658,0,0,0,0,0
3536422402,0,0,0,0,0
3536422146,0,0,0,0,0
3536421890,0,0,0,0,0
3536421634,0,0,0,0,0
3536421378,0,0,0,0,0
3536430082,0,0,0,0,0
3536429826,0,0,0,0,0
3536429570,0,0,0,0,0
3536429314,0,0,0,0,0
3536429058,0,0,0,0,0
3536428802,0,0,0,0,0
3536428546,0,0,0,0,0
3536428290,0,0,0,0,0
3536428034,0,0,0,0,0
3536427778,0,0,0,0,0
3536427522,0,0,0,0,0
3536427266,0,0,0,0,0
3536427010,0,0,0,0,0
3536426754,0,0,0,0,0
3536426498,0,0,0,0,0
3536426242,0,0,0,0,0
3536425986,0,0,0,0,0
3536425730,0,0,0,0,0
3536425474,0,0,0,0,0
3536425218,0,0,0,0,0
3536424962,0,0,0,0,0
3536424706,0,0,0,0,0
3536424450,0,0,0,0,0
3536424194,0,0,0,0,0
3536423938,0,0,0,0,0
3536423682,0,0,0,0,0
3536423426,0,0,0,0,0
3536423170,0,0,0,0,0
3536422914,0,0,0,0,0
3536422658,0,0,0,0,0
3536422402,0,0,0,0,0
3536422146,0,0,0,0,0
3536421890,0,0,0,0,0
3536421634,0,0,0,0,0
3536421378,0,0,0,0,0
3536439298,0,0,0,0,0
3536439042,0,0,0,0,0
3536438786,0,0,0,0,0
3536438530,0,0,0,0,0
3536438274,0,0,0,0,0
3536438018,0,0,0,0,0
3536437762,0,0,0,0,0
3536437506,0,0,0,0,0
3536437250,0,0,0,0,0
3536436994,0,0,0,0,0
3536436738,0,0,0,0,0
3536436482,0,0,0,0,0
3536436226,0,0,0,0,0
3536435970,0,0,0,0,0
3536435714,0,0,0,0,0
3536435458,0,0,0,0,0
3536435202,0,0,0,0,0
3536434946,0,0,0,0,0
3536434690,0,0,0,0,0
3536434434,0,0,0,0,0
3536434178,0,0,0,0,0
3536433922,0,0,0,0,0
3536433666,0,0,0,0,0
3536433410,0,0,0,0,0
3536433154,0,0,0,0,0
3536432898,0,0,0,0,0
3536432642,0,0,0,0,0
3536432386,0,0,0,0,0
3536432130,0,0,0,0,0
3536431874,0,0,0,0,0
3536431618,0,0,0,0,0
3536431362,0,0,0,0,0
3536431106,0,0,0,0,0
3536430850,0,0,0,0,0
3536430594,0,0,0,0,0
3536430338,0,0,0,0,0
3536439298,0,0,0,0,0
3536439042,0,0,0,0,0
3536438786,0,0,0,0,0
3536438530,0,0,0,0,0
3536438274,0,0,0,0,0
3536438018,0,0,0,0,0
3536437762,0,0,0,0,0
3536437506,0,0,0,0,0
3536437250,0,0,0,0,0
3536436994,0,0,0,0,0
3536436738,0,0,0,0,0
3536436482,0,0,0,0,0
3536436226,0,0,0,0,0
3536435970,0,0,0,0,0
3536435714,0,0,0,0,0
3536435458,0,0,0,0,0
3536435202,0,0,0,0,0
3536434946,0,0,0,0,0
3536434690,0,0,0,0,0
3536434434,0,0,0,0,0
3536434178,0,0,0,0,0
3536433922,0,0,0,0,0
3536433666,0,0,0,0,0
3536433410,0,0,0,0,0
3536433154,0,0,0,0,0
3536432898,0,0,0,0,0
3536432642,0,0,0,0,0
3536432386,0,0,0,0,0
3536432130,0,0,0,0,0
3536431874,0,0,0,0,0
3536431618,0,0,0,0,0
3536431362,0,0,0,0,0
3536431106,0,0,0,0,0
3536430850,0,0,0,0,0
3536430594,0,0,0,0,0
3536430338,0,0,0,0,0
3536446722,0,0,0,0,0
3536446466,0,0,0,0,0
3536446210,0,0,0,0,0
3536445954,0,0,0,0,0
3536445698,0,0,0,0,0
3536445442,0,0,0,0,0
3536445186,0,0,0,0,0
3536444930,0,0,0,0,0
3536444674,0,0,0,0,0
3536444418,0,0,0,0,0
3536444162,0,0,0,0,0
3536443906,0,0,0,0,0
3536443650,0,0,0,0,0
3536443394,0,0,0,0,0
3536443138,0,0,0,0,0
3536442882,0,0,0,0,0
3536442626,0,0,0,0,0
3536442370,0,0,0,0,0
3536442114,0,0,0,0,0
3536441858,0,0,0,0,0
3536441602,0,0,0,0,0
3536441346,0,0,0,0,0
3536441090,0,0,0,0,0
3536440834,0,0,0,0,0
3536440578,0,0,0,0,0
3536440322,0,0,0,0,0
3536440066,0,0,0,0,0
3536439810,0,0,0,0,0
3536439554,0,0,0,0,0
3536446722,0,0,0,0,0
3536446466,0,0,0,0,0
3536446210,0,0,0,0,0
3536445954,0,0,0,0,0
3536445698,0,0,0,0,0
3536445442,0,0,0,0,0
3536445186,0,0,0,0,0
3536444930,0,0,0,0,0
3536444674,0,0,0,0,0
3536444418,0,0,0,0,0
3536444162,0,0,0,0,0
3536443906,0,0,0,0,0
3536443650,0,0,0,0,0
3536443394,0,0,0,0,0
3536443138,0,0,0,0,0
3536442882,0,0,0,0,0
3536442626,0,0,0,0,0
3536442370,0,0,0,0,0
3536442114,0,0,0,0,0
3536441858,0,0,0,0,0
3536441602,0,0,0,0,0
3536441346,0,0,0,0,0
3536441090,0,0,0,0,0
3536440834,0,0,0,0,0
3536440578,0,0,0,0,0
3536440322,0,0,0,0,0
3536440066,0,0,0,0,0
3536439810,0,0,0,0,0
3536439554,0,0,0,0,0
3536452866,0,0,0,0,0
3536452610,0,0,0,0,0
3536452354,0,0,0,0,0
3536452098,0,0,0,0,0
3536451842,0,0,0,0,0
3536451586,0,0,0,0,0
3536451330,0,0,0,0,0
3536451074,0,0,0,0,0
3536450818,0,0,0,0,0
3536450562,0,0,0,0,0
3536450306,0,0,0,0,0
3536450050,0,0,0,0,0
3536449794,0,0,0,0,0
3536449538,0,0,0,0,0
3536449282,0,0,0,0,0
3536449026,0,0,0,0,0
3536448770,0,0,0,0,0
3536448514,0,0,0,0,0
3536448258,0,0,0,0,0
3536448002,0,0,0,0,0
3536447746,0,0,0,0,0
3536447490,0,0,0,0,0
3536447234,0,0,0,0,0
3536446978,0,0,0,0,0
3536452866,0,0,0,0,0
3536452610,0,0,0,0,0
3536452354,0,0,0,0,0
3536452098,0,0,0,0,0
3536451842,0,0,0,0,0
3536451586,0,0,0,0,0
3536451330,0,0,0,0,0
3536451074,0,0,0,0,0
3536450818,0,0,0,0,0
3536450562,0,0,0,0,0
3536450306,0,0,0,0,0
3536450050,0,0,0,0,0
3536449794,0,0,0,0,0
3536449538,0,0,0,0,0
3536449282,0,0,0,0,0
3536449026,0,0,0,0,0
3536448770,0,0,0,0,0
3536448514,0,0,0,0,0
3536448258,0,0,0,0,0
3536448002,0,0,0,0,0
3536447746,0,0,0,0,0
3536447490,0,0,0,0,0
3536447234,0,0,0,0,0
3536446978,0,0,0,0,0
3536492034,0,0,0,0,0
3536491778,0,0,0,0,0
3536491522,0,0,0,0,0
3536491266,0,0,0,0,0
3536491010,0,0,0,0,0
3536490754,0,0,0,0,0
3536490498,0,0,0,0,0
3536490242,0,0,0,0,0
3536489986,0,0,0,0,0
3536489730,0,0,0,0,0
3536489474,0,0,0,0,0
3536489218,0,0,0,0,0
3536488962,0,0,0,0,0
3536488706,0,0,0,0,0
3536488450,0,0,0,0,0
3536488194,0,0,0,0,0
3536487938,0,0,0,0,0
3536487682,0,0,0,0,0
3536487426,0,0,0,0,0
3536487170,0,0,0,0,0
3536486914,0,0,0,0,0
3536486658,0,0,0,0,0
3536486402,0,0,0,0,0
3536453378,0,0,0,0,0
3536453122,0,0,0,0,0
3536492034,0,0,0,0,0
3536491778,0,0,0,0,0
3536491522,0,0,0,0,0
3536491266,0,0,0,0,0
3536491010,0,0,0,0,0
3536490754,0,0,0,0,0
3536490498,0,0,0,0,0
3536490242,0,0,0,0,0
3536489986,0,0,0,0,0
3536489730,0,0,0,0,0
3536489474,0,0,0,0,0
3536489218,0,0,0,0,0
3536488962,0,0,0,0,0
3536488706,0,0,0,0,0
3536488450,0,0,0,0,0
3536488194,0,0,0,0,0
3536487938,0,0,0,0,0
3536487682,0,0,0,0,0
3536487426,0,0,0,0,0
3536487170,0,0,0,0,0
3536486914,0,0,0,0,0
3536486658,0,0,0,0,0
3536486402,0,0,0,0,0
3536453378,0,0,0,0,0
3536453122,0,0,0,0,0
3536500994,0,0,0,0,0
3536500738,0,0,0,0,0
3536500482,0,0,0,0,0
3536500226,0,0,0,0,0
3536499970,0,0,0,0,0
3536499714,0,0,0,0,0
3536499458,0,0,0,0,0
3536499202,0,0,0,0,0
3536498946,0,0,0,0,0
3536498690,0,0,0,0,0
3536498434,0,0,0,0,0
3536498178,0,0,0,0,0
3536497922,0,0,0,0,0
3536497666,0,0,0,0,0
3536497410,0,0,0,0,0
3536497154,0,0,0,0,0
3536496898,0,0,0,0,0
3536496642,0,0,0,0,0
3536496386,0,0,0,0,0
3536496130,0,0,0,0,0
3536495874,0,0,0,0,0
3536495618,0,0,0,0,0
3536495362,0,0,0,0,0
3536495106,0,0,0,0,0
3536494850,0,0,0,0,0
3536494594,0,0,0,0,0
3536494338,0,0,0,0,0
3536494082,0,0,0,0,0
3536493826,0,0,0,0,0
3536493570,0,0,0,0,0
3536493314,0,0,0,0,0
3536493058,0,0,0,0,0
3536492802,0,0,0,0,0
3536492546,0,0,0,0,0
3536492290,0,0,0,0,0
3536500994,0,0,0,0,0
3536500738,0,0,0,0,0
3536500482,0,0,0,0,0
3536500226,0,0,0,0,0
3536499970,0,0,0,0,0
3536499714,0,0,0,0,0
3536499458,0,0,0,0,0
3536499202,0,0,0,0,0
3536498946,0,0,0,0,0
3536498690,0,0,0,0,0
3536498434,0,0,0,0,0
3536498178,0,0,0,0,0
3536497922,0,0,0,0,0
3536497666,0,0,0,0,0
3536497410,0,0,0,0,0
3536497154,0,0,0,0,0
3536496898,0,0,0,0,0
3536496642,0,0,0,0,0
3536496386,0,0,0,0,0
3536496130,0,0,0,0,0
3536495874,0,0,0,0,0
3536495618,0,0,0,0,0
3536495362,0,0,0,0,0
3536495106,0,0,0,0,0
3536494850,0,0,0,0,0
3536494594,0,0,0,0,0
3536494338,0,0,0,0,0
3536494082,0,0,0,0,0
3536493826,0,0,0,0,0
3536493570,0,0,0,0,0
3536493314,0,0,0,0,0
3536493058,0,0,0,0,0
3536492802,0,0,0,0,0
3536492546,0,0,0,0,0
3536492290,0,0,0,0,0
3536505346,0,0,0,0,0
3536505090,0,0,0,0,0
3536504834,0,0,0,0,0
3536504578,0,0,0,0,0
3536504322,0,0,0,0,0
3536504066,0,0,0,0,0
3536503810,0,0,0,0,0
3536503554,0,0,0,0,0
3536503298,0,0,0,0,0
3536503042,0,0,0,0,0
3536502786,0,0,0,0,0
3536502530,0,0,0,0,0
3536502274,0,0,0,0,0
3536502018,0,0,0,0,0
3536501762,0,0,0,0,0
3536501506,0,0,0,0,0
3536501250,0,0,0,0,0
3536505346,0,0,0,0,0
3536505090,0,0,0,0,0
3536504834,0,0,0,0,0
3536504578,0,0,0,0,0
3536504322,0,0,0,0,0
3536504066,0,0,0,0,0
3536503810,0,0,0,0,0
3536503554,0,0,0,0,0
3536503298,0,0,0,0,0
3536503042,0,0,0,0,0
3536502786,0,0,0,0,0
3536502530,0,0,0,0,0
3536502274,0,0,0,0,0
3536502018,0,0,0,0,0
3536501762,0,0,0,0,0
3536501506,0,0,0,0,0
3536501250,0,0,0,0,0
3536512514,0,0,0,0,0
3536512258,0,0,0,0,0
3536512002,0,0,0,0,0
3536511746,0,0,0,0,0
3536511490,0,0,0,0,0
3536511234,0,0,0,0,0
3536510978,0,0,0,0,0
3536510722,0,0,0,0,0
3536510466,0,0,0,0,0
3536510210,0,0,0,0,0
3536509954,0,0,0,0,0
3536509698,0,0,0,0,0
3536509442,0,0,0,0,0
3536509186,0,0,0,0,0
3536508930,0,0,0,0,0
3536508674,0,0,0,0,0
3536508418,0,0,0,0,0
3536508162,0,0,0,0,0
3536507906,0,0,0,0,0
3536507650,0,0,0,0,0
3536507394,0,0,0,0,0
3536507138,0,0,0,0,0
3536506882,0,0,0,0,0
3536506626,0,0,0,0,0
3536506370,0,0,0,0,0
3536506114,0,0,0,0,0
3536505858,0,0,0,0,0
3536505602,0,0,0,0,0
3536512514,0,0,0,0,0
3536512258,0,0,0,0,0
3536512002,0,0,0,0,0
3536511746,0,0,0,0,0
3536511490,0,0,0,0,0
3536511234,0,0,0,0,0
3536510978,0,0,0,0,0
3536510722,0,0,0,0,0
3536510466,0,0,0,0,0
3536510210,0,0,0,0,0
3536509954,0,0,0,0,0
3536509698,0,0,0,0,0
3536509442,0,0,0,0,0
3536509186,0,0,0,0,0
3536508930,0,0,0,0,0
3536508674,0,0,0,0,0
3536508418,0,0,0,0,0
3536508162,0,0,0,0,0
3536507906,0,0,0,0,0
3536507650,0,0,0,0,0
3536507394,0,0,0,0,0
3536507138,0,0,0,0,0
3536506882,0,0,0,0,0
3536506626,0,0,0,0,0
3536506370,0,0,0,0,0
3536506114,0,0,0,0,0
3536505858,0,0,0,0,0
3536505602,0,0,0,0,0
3536553474,0,0,0,0,0
3536553218,0,0,0,0,0
3536552962,0,0,0,0,0
3536552706,0,0,0,0,0
3536552450,0,0,0,0,0
3536552194,0,0,0,0,0
3536551938,0,0,0,0,0
3536518914,0,0,0,0,0
3536518658,0,0,0,0,0
3536518402,0,0,0,0,0
3536518146,0,0,0,0,0
3536517890,0,0,0,0,0
3536517634,0,0,0,0,0
3536517378,0,0,0,0,0
3536517122,0,0,0,0,0
3536516866,0,0,0,0,0
3536516610,0,0,0,0,0
3536516354,0,0,0,0,0
3536516098,0,0,0,0,0
3536515842,0,0,0,0,0
3536515586,0,0,0,0,0
3536515330,0,0,0,0,0
3536515074,0,0,0,0,0
3536514818,0,0,0,0,0
3536514562,0,0,0,0,0
3536514306,0,0,0,0,0
3536514050,0,0,0,0,0
3536513794,0,0,0,0,0
3536513538,0,0,0,0,0
3536513282,0,0,0,0,0
3536513026,0,0,0,0,0
3536512770,0,0,0,0,0
3536553474,0,0,0,0,0
3536553218,0,0,0,0,0
3536552962,0,0,0,0,0
3536552706,0,0,0,0,0
3536552450,0,0,0,0,0
3536552194,0,0,0,0,0
3536551938,0,0,0,0,0
3536518914,0,0,0,0,0
3536518658,0,0,0,0,0
3536518402,0,0,0,0,0
3536518146,0,0,0,0,0
3536517890,0,0,0,0,0
3536517634,0,0,0,0,0
3536517378,0,0,0,0,0
3536517122,0,0,0,0,0
3536516866,0,0,0,0,0
3536516610,0,0,0,0,0
3536516354,0,0,0,0,0
3536516098,0,0,0,0,0
3536515842,0,0,0,0,0
3536515586,0,0,0,0,0
3536515330,0,0,0,0,0
3536515074,0,0,0,0,0
3536514818,0,0,0,0,0
3536514562,0,0,0,0,0
3536514306,0,0,0,0,0
3536514050,0,0,0,0,0
3536513794,0,0,0,0,0
3536513538,0,0,0,0,0
3536513282,0,0,0,0,0
3536513026,0,0,0,0,0
3536512770,0,0,0,0,0
3536560130,0,0,0,0,0
3536559874,0,0,0,0,0
3536559618,0,0,0,0,0
3536559362,0,0,0,0,0
3536559106,0,0,0,0,0
3536558850,0,0,0,0,0
3536558594,0,0,0,0,0
3536558338,0,0,0,0,0
3536558082,0,0,0,0,0
3536557826,0,0,0,0,0
3536557570,0,0,0,0,0
3536557314,0,0,0,0,0
3536557058,0,0,0,0,0
3536556802,0,0,0,0,0
3536556546,0,0,0,0,0
3536556290,0,0,0,0,0
3536556034,0,0,0,0,0
3536555778,0,0,0,0,0
3536555522,0,0,0,0,0
3536555266,0,0,0,0,0
3536555010,0,0,0,0,0
3536554754,0,0,0,0,0
3536554498,0,0,0,0,0
3536554242,0,0,0,0,0
3536553986,0,0,0,0,0
3536553730,0,0,0,0,0
3536553474,0,0,0,0,0
3536553218,0,0,0,0,0
3536552962,0,0,0,0,0
3536552706,0,0,0,0,0
3536552450,0,0,0,0,0
3536552194,0,0,0,0,0
3536551938,0,0,0,0,0
3536518914,0,0,0,0,0
3536518658,0,0,0,0,0
3536518402,0,0,0,0,0
3536518146,0,0,0,0,0
3536517890,0,0,0,0,0
3536517634,0,0,0,0,0
3536517378,0,0,0,0,0
3536517122,0,0,0,0,0
3536516866,0,0,0,0,0
3536516610,0,0,0,0,0
3536516354,0,0,0,0,0
3536516098,0,0,0,0,0
3536515842,0,0,0,0,0
3536515586,0,0,0,0,0
3536515330,0,0,0,0,0
3536515074,0,0,0,0,0
3536514818,0,0,0,0,0
3536514562,0,0,0,0,0
3536514306,0,0,0,0,0
3536514050,0,0,0,0,0
3536513794,0,0,0,0,0
3536513538,0,0,0,0,0
3536513282,0,0,0,0,0
3536513026,0,0,0,0,0
3536512770,0,0,0,0,0
3536512514,0,0,0,0,0
3536512258,0,0,0,0,0
3536512002,0,0,0,0,0
3536511746,0,0,0,0,0
3536511490,0,0,0,0,0
3536511234,0,0,0,0,0
3536510978,0,0,0,0,0
3536510722,0,0,0,0,0
3536510466,0,0,0,0,0
3536510210,0,0,0,0,0
3536509954,0,0,0,0,0
3536509698,0,0,0,0,0
3536509442,0,0,0,0,0
3536509186,0,0,0,0,0
3536508930,0,0,0,0,0
3536508674,0,0,0,0,0
3536508418,0,0,0,0,0
3536508162,0,0,0,0,0
3536507906,0,0,0,0,0
3536507650,0,0,0,0,0
3536507394,0,0,0,0,0
3536507138,0,0,0,0,0
3536506882,0,0,0,0,0
3536506626,0,0,0,0,0
3536506370,0,0,0,0,0
3536506114,0,0,0,0,0
3536505858,0,0,0,0,0
3536505602,0,0,0,0,0
3536505346,0,0,0,0,0
3536505090,0,0,0,0,0
3536504834,0,0,0,0,0
3536504578,0,0,0,0,0
3536504322,0,0,0,0,0
3536504066,0,0,0,0,0
3536503810,0,0,0,0,0
3536503554,0,0,0,0,0
3536503298,0,0,0,0,0
3536503042,0,0,0,0,0
3536502786,0,0,0,0,0
3536502530,0,0,0,0,0
3536502274,0,0,0,0,0
3536502018,0,0,0,0,0
3536501762,0,0,0,0,0
3536501506,0,0,0,0,0
3536501250,0,0,0,0,0
3536500994,0,0,0,0,0
3536500738,0,0,0,0,0
3536500482,0,0,0,0,0
3536500226,0,0,0,0,0
3536499970,0,0,0,0,0
3536499714,0,0,0,0,0
3536499458,0,0,0,0,0
3536499202,0,0,0,0,0
3536498946,0,0,0,0,0
3536498690,0,0,0,0,0
3536498434,0,0,0,0,0
3536498178,0,0,0,0,0
3536497922,0,0,0,0,0
3536497666,0,0,0,0,0
3536497410,0,0,0,0,0
3536497154,0,0,0,0,0
3536496898,0,0,0,0,0
3536496642,0,0,0,0,0
3536496386,0,0,0,0,0
3536496130,0,0,0,0,0
3536495874,0,0,0,0,0
3536495618,0,0,0,0,0
3536495362,0,0,0,0,0
3536495106,0,0,0,0,0
3536494850,0,0,0,0,0
3536494594,0,0,0,0,0
3536494338,0,0,0,0,0
3536494082,0,0,0,0,0
3536493826,0,0,0,0,0
3536493570,0,0,0,0,0
3536493314,0,0,0,0,0
3536493058,0,0,0,0,0
3536492802,0,0,0,0,0
3536492546,0,0,0,0,0
3536492290,0,0,0,0,0
3536492034,0,0,0,0,0
3536491778,0,0,0,0,0
3536491522,0,0,0,0,0
3536491266,0,0,0,0,0
3536491010,0,0,0,0,0
3536490754,0,0,0,0,0
3536490498,0,0,0,0,0
3536490242,0,0,0,0,0
3536489986,0,0,0,0,0
3536489730,0,0,0,0,0
3536489474,0,0,0,0,0
3536489218,0,0,0,0,0
3536488962,0,0,0,0,0
3536488706,0,0,0,0,0
3536488450,0,0,0,0,0
3536488194,0,0,0,0,0
3536487938,0,0,0,0,0
3536487682,0,0,0,0,0
3536487426,0,0,0,0,0
3536487170,0,0,0,0,0
3536486914,0,0,0,0,0
3536486658,0,0,0,0,0
3536486402,0,0,0,0,0
3536453378,0,0,0,0,0
3536453122,0,0,0,0,0
3536452866,0,0,0,0,0
3536452610,0,0,0,0,0
3536452354,0,0,0,0,0
3536452098,0,0,0,0,0
3536451842,0,0,0,0,0
3536451586,0,0,0,0,0
3536451330,0,0,0,0,0
3536451074,0,0,0,0,0
3536450818,0,0,0,0,0
3536450562,0,0,0,0,0
3536450306,0,0,0,0,0
3536450050,0,0,0,0,0
3536449794,0,0,0,0,0
3536449538,0,0,0,0,0
3536449282,0,0,0,0,0
3536449026,0,0,0,0,0
3536448770,0,0,0,0,0
3536448514,0,0,0,0,0
3536448258,0,0,0,0,0
3536448002,0,0,0,0,0
3536447746,0,0,0,0,0
3536447490,0,0,0,0,0
3536447234,0,0,0,0,0
3536446978,0,0,0,0,0
3536446722,0,0,0,0,0
3536446466,0,0,0,0,0
3536446210,0,0,0,0,0
3536445954,0,0,0,0,0
3536445698,0,0,0,0,0
3536445442,0,0,0,0,0
3536445186,0,0,0,0,0
3536444930,0,0,0,0,0
3536444674,0,0,0,0,0
3536444418,0,0,0,0,0
3536444162,0,0,0,0,0
3536443906,0,0,0,0,0
3536443650,0,0,0,0,0
3536443394,0,0,0,0,0
3536443138,0,0,0,0,0
3536442882,0,0,0,0,0
3536442626,0,0,0,0,0
3536442370,0,0,0,0,0
3536442114,0,0,0,0,0
3536441858,0,0,0,0,0
3536441602,0,0,0,0,0
3536441346,0,0,0,0,0
3536441090,0,0,0,0,0
3536440834,0,0,0,0,0
3536440578,0,0,0,0,0
3536440322,0,0,0,0,0
3536440066,0,0,0,0,0
3536439810,0,0,0,0,0
3536439554,0,0,0,0,0
3536439298,0,0,0,0,0
3536439042,0,0,0,0,0
3536438786,0,0,0,0,0
3536438530,0,0,0,0,0
3536438274,0,0,0,0,0
3536438018,0,0,0,0,0
3536437762,0,0,0,0,0
3536437506,0,0,0,0,0
3536437250,0,0,0,0,0
3536436994,0,0,0,0,0
3536436738,0,0,0,0,0
3536436482,0,0,0,0,0
3536436226,0,0,0,0,0
3536435970,0,0,0,0,0
3536435714,0,0,0,0,0
3536435458,0,0,0,0,0
3536435202,0,0,0,0,0
3536434946,0,0,0,0,0
3536434690,0,0,0,0,0
3536434434,0,0,0,0,0
3536434178,0,0,0,0,0
3536433922,0,0,0,0,0
3536433666,0,0,0,0,0
3536433410,0,0,0,0,0
3536433154,0,0,0,0,0
3536432898,0,0,0,0,0
3536432642,0,0,0,0,0
3536432386,0,0,0,0,0
3536432130,0,0,0,0,0
3536431874,0,0,0,0,0
3536431618,0,0,0,0,0
3536431362,0,0,0,0,0
3536431106,0,0,0,0,0
3536430850,0,0,0,0,0
3536430594,0,0,0,0,0
3536430338,0,0,0,0,0
3536430082,0,0,0,0,0
3536429826,0,0,0,0,0
3536429570,0,0,0,0,0
3536429314,0,0,0,0,0
3536429058,0,0,0,0,0
3536428802,0,0,0,0,0
3536428546,0,0,0,0,0
3536428290,0,0,0,0,0
3536428034,0,0,0,0,0
3536427778,0,0,0,0,0
3536427522,0,0,0,0,0
3536427266,0,0,0,0,0
3536427010,0,0,0,0,0
3536426754,0,0,0,0,0
3536426498,0,0,0,0,0
3536426242,0,0,0,0,0
3536425986,0,0,0,0,0
3536425730,0,0,0,0,0
3536425474,0,0,0,0,0
3536425218,0,0,0,0,0
3536424962,0,0,0,0,0
3536424706,0,0,0,0,0
3536424450,0,0,0,0,0
3536424194,0,0,0,0,0
3536423938,0,0,0,0,0
3536423682,0,0,0,0,0
3536423426,0,0,0,0,0
3536423170,0,0,0,0,0
3536422914,0,0,0,0,0
3536422658,0,0,0,0,0
3536422402,0,0,0,0,0
3536422146,0,0,0,0,0
3536421890,0,0,0,0,0
3536421634,0,0,0,0,0
3536421378,0,0,0,0,0
3536421122,0,0,0,0,0
3536420866,0,0,0,0,0
3536387842,0,0,0,0,0
3536387586,0,0,0,0,0
3536387330,0,0,0,0,0
3536387074,0,0,0,0,0
3536386818,0,0,0,0,0
3536386562,0,0,0,0,0
3536386306,0,0,0,0,0
3536386050,0,0,0,0,0
3536385794,0,0,0,0,0
3536385538,0,0,0,0,0
3536385282,0,0,0,0,0
3536385026,0,0,0,0,0
3536384770,0,0,0,0,0
3536384514,0,0,0,0,0
3536384258,0,0,0,0,0
3536384002,0,0,0,0,0
3536383746,0,0,0,0,0
3536383490,0,0,0,0,0
3536383234,0,0,0,0,0
3536382978,0,0,0,0,0
3536382722,0,0,0,0,0
3536382466,0,0,0,0,0
3536382210,0,0,0,0,0
3536381954,0,0,0,0,0
3536381698,0,0,0,0,0
3536381442,0,0,0,0,0
3536381186,0,0,0,0,0
3536380930,0,0,0,0,0
3536380674,0,0,0,0,0
3536380418,0,0,0,0,0
3536380162,0,0,0,0,0
3536379906,0,0,0,0,0
3536379650,0,0,0,0,0
3536379394,0,0,0,0,0
3536379138,0,0,0,0,0
3536378882,0,0,0,0,0
3536378626,0,0,0,0,0
3536378370,0,0,0,0,0
3536378114,0,0,0,0,0
3536377858,0,0,0,0,0
3536377602,0,0,0,0,0
3536377346,0,0,0,0,0
3536377090,0,0,0,0,0
3536376834,0,0,0,0,0
3536376578,0,0,0,0,0
3536376322,0,0,0,0,0
3536376066,0,0,0,0,0
3536375810,0,0,0,0,0
3536375554,0,0,0,0,0
3536375298,0,0,0,0,0
3536375042,0,0,0,0,0
3536374786,0,0,0,0,0
3536374530,0,0,0,0,0
3536374274,0,0,0,0,0
3536374018,0,0,0,0,0
3536373762,0,0,0,0,0
3536373506,0,0,0,0,0
3536373250,0,0,0,0,0
3536372994,0,0,0,0,0
3536372738,0,0,0,0,0
3536372482,0,0,0,0,0
3536372226,0,0,0,0,0
3536371970,0,0,0,0,0
3536371714,0,0,0,0,0
3536371458,0,0,0,0,0
3536371202,0,0,0,0,0
3536370946,0,0,0,0,0
3536370690,0,0,0,0,0
3536370434,0,0,0,0,0
3536370178,0,0,0,0,0
3536369922,0,0,0,0,0
3536369666,0,0,0,0,0
3536369410,0,0,0,0,0
3536369154,0,0,0,0,0
3536368898,0,0,0,0,0
3536368642,0,0,0,0,0
3536368386,0,0,0,0,0
3536368130,0,0,0,0,0
3536367874,0,0,0,0,0
3536367618,0,0,0,0,0
3536367362,0,0,0,0,0
3536367106,0,0,0,0,0
3536366850,0,0,0,0,0
3536366594,0,0,0,0,0
3536366338,0,0,0,0,0
3536366082,0,0,0,0,0
3536365826,0,0,0,0,0
3536365570,0,0,0,0,0
3536365314,0,0,0,0,0
3536365058,0,0,0,0,0
3536364802,0,0,0,0,0
3536364546,0,0,0,0,0
3536364290,0,0,0,0,0
3536364034,0,0,0,0,0
3536363778,0,0,0,0,0
3536363522,0,0,0,0,0
3536363266,0,0,0,0,0
3536363010,0,0,0,0,0
3536362754,0,0,0,0,0
3536362498,0,0,0,0,0
3536362242,0,0,0,0,0
3536361986,0,0,0,0,0
3536361730,0,0,0,0,0
3536361474,0,0,0,0,0
3536361218,0,0,0,0,0
3536360962,0,0,0,0,0
3536360706,0,0,0,0,0
3536360450,0,0,0,0,0
3536360194,0,0,0,0,0
3536359938,0,0,0,0,0
3536359682,0,0,0,0,0
3536359426,0,0,0,0,0
3536359170,0,0,0,0,0
3536358914,0,0,0,0,0
3536358658,0,0,0,0,0
3536358402,0,0,0,0,0
3536358146,0,0,0,0,0
3536357890,0,0,0,0,0
3536357634,0,0,0,0,0
3536357378,0,0,0,0,0
3536357122,0,0,0,0,0
3536356866,0,0,0,0,0
3536356610,0,0,0,0,0
3536356354,0,0,0,0,0
3536356098,0,0,0,0,0
3536355842,0,0,0,0,0
3536355586,0,0,0,0,0
3536355330,0,0,0,0,0
3536322306,0,0,0,0,0
3536322050,0,0,0,0,0
3536321794,0,0,0,0,0
3536321538,0,0,0,0,0
3536321282,0,0,0,0,0
3536321026,0,0,0,0,0
3536320770,0,0,0,0,0
3536320514,0,0,0,0,0
3536320258,0,0,0,0,0
3536320002,0,0,0,0,0
3536319746,0,0,0,0,0
3536319490,0,0,0,0,0
3536319234,0,0,0,0,0
3536318978,0,0,0,0,0
3536318722,0,0,0,0,0
3536318466,0,0,0,0,0
3536318210,0,0,0,0,0
3536317954,0,0,0,0,0
3536317698,0,0,0,0,0
3536317442,0,0,0,0,0
3536317186,0,0,0,0,0
3536316930,0,0,0,0,0
3536316674,0,0,0,0,0
3536316418,0,0,0,0,0
3536316162,0,0,0,0,0
3536315906,0,0,0,0,0
3536315650,0,0,0,0,0
3536315394,0,0,0,0,0
3536315138,0,0,0,0,0
3536314882,0,0,0,0,0
3536314626,0,0,0,0,0
3536314370,0,0,0,0,0
3536314114,0,0,0,0,0
3536313858,0,0,0,0,0
3536313602,0,0,0,0,0
3536313346,0,0,0,0,0
3536313090,0,0,0,0,0
3536312834,0,0,0,0,0
3536312578,0,0,0,0,0
3536312322,0,0,0,0,0
3536312066,0,0,0,0,0
3536311810,0,0,0,0,0
3536311554,0,0,0,0,0
3536311298,0,0,0,0,0
3536311042,0,0,0,0,0
3536310786,0,0,0,0,0
3536310530,0,0,0,0,0
3536310274,0,0,0,0,0
3536310018,0,0,0,0,0
3536309762,0,0,0,0,0
3536309506,0,0,0,0,0
3536309250,0,0,0,0,0
3536308994,0,0,0,0,0
3536308738,0,0,0,0,0
3536308482,0,0,0,0,0
3536308226,0,0,0,0,0
3536307970,0,0,0,0,0
3536307714,0,0,0,0,0
3536307458,0,0,0,0,0
3536307202,0,0,0,0,0
3536306946,0,0,0,0,0
3536306690,0,0,0,0,0
3536306434,0,0,0,0,0
3536306178,0,0,0,0,0
3536305922,0,0,0,0,0
3536305666,0,0,0,0,0
3536305410,0,0,0,0,0
3536305154,0,0,0,0,0
3536304898,0,0,0,0,0
3536304642,0,0,0,0,0
3536304386,0,0,0,0,0
3536304130,0,0,0,0,0
3536303874,0,0,0,0,0
3536303618,0,0,0,0,0
3536303362,0,0,0,0,0
3536303106,0,0,0,0,0
3536302850,0,0,0,0,0
3536302594,0,0,0,0,0
3536302338,0,0,0,0,0
3536302082,0,0,0,0,0
3536301826,0,0,0,0,0
3536301570,0,0,0,0,0
3536301314,0,0,0,0,0
3536301058,0,0,0,0,0
3536300802,0,0,0,0,0
3536300546,0,0,0,0,0
3536300290,0,0,0,0,0
3536300034,0,0,0,0,0
3536299778,0,0,0,0,0
3536299522,0,0,0,0,0
3536299266,0,0,0,0,0
3536299010,0,0,0,0,0
3536298754,0,0,0,0,0
3536298498,0,0,0,0,0
3536298242,0,0,0,0,0
3536297986,0,0,0,0,0
3536297730,0,0,0,0,0
3536297474,0,0,0,0,0
3536297218,0,0,0,0,0
3536296962,0,0,0,0,0
3536296706,0,0,0,0,0
3536296450,0,0,0,0,0
3536296194,0,0,0,0,0
3536295938,0,0,0,0,0
3536295682,0,0,0,0,0
3536295426,0,0,0,0,0
3536295170,0,0,0,0,0
3536294914,0,0,0,0,0
3536294658,0,0,0,0,0
3536294402,0,0,0,0,0
3536294146,0,0,0,0,0
3536293890,0,0,0,0,0
3536293634,0,0,0,0,0
3536293378,0,0,0,0,0
3536293122,0,0,0,0,0
3536292866,0,0,0,0,0
3536292610,0,0,0,0,0
3536292354,0,0,0,0,0
3536292098,0,0,0,0,0
3536291842,0,0,0,0,0
3536291586,0,0,0,0,0
3536291330,0,0,0,0,0
3536291074,0,0,0,0,0
3536290818,0,0,0,0,0
3536290562,0,0,0,0,0
3536290306,0,0,0,0,0
3536290050,0,0,0,0,0
3536289794,0,0,0,0,0
3536256770,0,0,0,0,0
3536256514,0,0,0,0,0
3536256258,0,0,0,0,0
3536256002,0,0,0,0,0
3536255746,0,0,0,0,0
3536255490,0,0,0,0,0
3536255234,0,0,0,0,0
3536254978,0,0,0,0,0
3536254722,0,0,0,0,0
3536254466,0,0,0,0,0
3536254210,0,0,0,0,0
3536253954,0,0,0,0,0
3536253698,0,0,0,0,0
3536253442,0,0,0,0,0
3536253186,0,0,0,0,0
3536252930,0,0,0,0,0
3536252674,0,0,0,0,0
3536252418,0,0,0,0,0
3536252162,0,0,0,0,0
3536251906,0,0,0,0,0
3536251650,0,0,0,0,0
3536251394,0,0,0,0,0
3536251138,0,0,0,0,0
3536250882,0,0,0,0,0
3536250626,0,0,0,0,0
3536250370,0,0,0,0,0
3536250114,0,0,0,0,0
3536249858,0,0,0,0,0
3536249602,0,0,0,0,0
3536249346,0,0,0,0,0
3536249090,0,0,0,0,0
3536248834,0,0,0,0,0
3536248578,0,0,0,0,0
3536248322,0,0,0,0,0
3536248066,0,0,0,0,0
3536247810,0,0,0,0,0
3536247554,0,0,0,0,0
3536247298,0,0,0,0,0
3536247042,0,0,0,0,0
3536246786,0,0,0,0,0
3536246530,0,0,0,0,0
3536246274,0,0,0,0,0
3536246018,0,0,0,0,0
3536245762,0,0,0,0,0
3536245506,0,0,0,0,0
3536245250,0,0,0,0,0
3536244994,0,0,0,0,0
3536244738,0,0,0,0,0
3536244482,0,0,0,0,0
3536244226,0,0,0,0,0
3536243970,0,0,0,0,0
3536243714,0,0,0,0,0
3536243458,0,0,0,0,0
3536243202,0,0,0,0,0
3536242946,0,0,0,0,0
3536242690,0,0,0,0,0
3536242434,0,0,0,0,0
3536242178,0,0,0,0,0
3536241922,0,0,0,0,0
3536241666,0,0,0,0,0
3536241410,0,0,0,0,0
3536241154,0,0,0,0,0
3536240898,0,0,0,0,0
3536240642,0,0,0,0,0
3536240386,0,0,0,0,0
3536240130,0,0,0,0,0
3536239874,0,0,0,0,0
3536239618,0,0,0,0,0
3536239362,0,0,0,0,0
3536239106,0,0,0,0,0
3536238850,0,0,0,0,0
3536238594,0,0,0,0,0
3536238338,0,0,0,0,0
3536238082,0,0,0,0,0
3536237826,0,0,0,0,0
3536237570,0,0,0,0,0
3536237314,0,0,0,0,0
3536237058,0,0,0,0,0
3536236802,0,0,0,0,0
3536236546,0,0,0,0,0
3536236290,0,0,0,0,0
3536236034,0,0,0,0,0
3536235778,0,0,0,0,0
3536235522,0,0,0,0,0
3536235266,0,0,0,0,0
3536235010,0,0,0,0,0
3536234754,0,0,0,0,0
3536234498,0,0,0,0,0
3536234242,0,0,0,0,0
3536233986,0,0,0,0,0
3536233730,0,0,0,0,0
3536233474,0,0,0,0,0
3536233218,0,0,0,0,0
3536232962,0,0,0,0,0
3536232706,0,0,0,0,0
3536232450,0,0,0,0,0
3536232194,0,0,0,0,0
3536231938,0,0,0,0,0
3536231682,0,0,0,0,0
3536231426,0,0,0,0,0
3536231170,0,0,0,0,0
3536230914,0,0,0,0,0
3536230658,0,0,0,0,0
3536230402,0,0,0,0,0
3536230146,0,0,0,0,0
3536229890,0,0,0,0,0
3536229634,0,0,0,0,0
3536229378,0,0,0,0,0
3536229122,0,0,0,0,0
3536228866,0,0,0,0,0
3536228610,0,0,0,0,0
3536228354,0,0,0,0,0
3536228098,0,0,0,0,0
3536227842,0,0,0,0,0
3536227586,0,0,0,0,0
3536227330,0,0,0,0,0
3536227074,0,0,0,0,0
3536226818,0,0,0,0,0
3536226562,0,0,0,0,0
3536226306,0,0,0,0,0
3536226050,0,0,0,0,0
3536225794,0,0,0,0,0
3536225538,0,0,0,0,0
3536225282,0,0,0,0,0
3536225026,0,0,0,0,0
3536224770,0,0,0,0,0
3536224514,0,0,0,0,0
3536224258,0,0,0,0,0
3536191234,0,0,0,0,0
3536190978,0,0,0,0,0
3536190722,0,0,0,0,0
3536190466,0,0,0,0,0
3536190210,0,0,0,0,0
3536189954,0,0,0,0,0
3536189698,0,0,0,0,0
3536189442,0,0,0,0,0
3536189186,0,0,0,0,0
3536188930,0,0,0,0,0
3536188674,0,0,0,0,0
3536188418,0,0,0,0,0
3536188162,0,0,0,0,0
3536187906,0,0,0,0,0
3536187650,0,0,0,0,0
3536187394,0,0,0,0,0
3536187138,0,0,0,0,0
3536186882,0,0,0,0,0
3536186626,0,0,0,0,0
3536186370,0,0,0,0,0
3536186114,0,0,0,0,0
3536185858,0,0,0,0,0
3536185602,0,0,0,0,0
3536185346,0,0,0,0,0
3536185090,0,0,0,0,0
3536184834,0,0,0,0,0
3536184578,0,0,0,0,0
3536184322,0,0,0,0,0
3536184066,0,0,0,0,0
3536183810,0,0,0,0,0
3536183554,0,0,0,0,0
3536183298,0,0,0,0,0
3536183042,0,0,0,0,0
3536182786,0,0,0,0,0
3536182530,0,0,0,0,0
3536182274,0,0,0,0,0
3536182018,0,0,0,0,0
3536181762,0,0,0,0,0
3536181506,0,0,0,0,0
3536181250,0,0,0,0,0
3536180994,0,0,0,0,0
3536180738,0,0,0,0,0
3536180482,0,0,0,0,0
3536180226,0,0,0,0,0
3536179970,0,0,0,0,0
3536179714,0,0,0,0,0
3536179458,0,0,0,0,0
